# Juxing layout preferences -- GENERATED by `juxing.py infer` from model/reference.tsv; do not edit.
# Inferred from the part boxes measured in Chiron Hei HK Regular Version 2.530 (see reference.tsv for its attribution);
# values in layout.tsv override these one by one. Columns as in layout.tsv:
#   left/right/top/bottom  size as the first/last part of a split, px of a 15px box
#   frame                  inner-box insets as a surround frame at 15x15
#   place                  where the ink sits in its space, per context (fractions)
#   note                   the measurements' worth behind each value
#comp	left	right	top	bottom	frame	levels	place	note
口	4.6	7.1	5.7	6.9	-	-	left:x=0.53,y=0.46 right:x=0.50,y=0.52 middle:x=0.51,y=0.50 top:x=0.51,y=0.54 bottom:x=0.50,y=0.52 inner:x=0.49,y=0.44	right=465 top=936 bottom=1425 left=1173 inner=33 middle=224
木	5.2	9.1	6.8	7.2	-	-	left:x=0.48,y=0.50 right:x=0.49,y=0.48 top:x=0.50,y=0.49 bottom:x=0.50,y=0.50 inner:x=0.50,y=0.44	bottom=495 top=45 right=178 left=1269 inner=12
艹	-	-	3.4	-	-	-	top:x=0.50,y=0.46	top=1782
土	4.9	9	6.3	7.4	-	-	left:x=0.49,y=0.42 right:x=0.51,y=0.45 middle:x=0.50,y=0.49 top:x=0.50,y=0.48 bottom:x=0.50,y=0.46 inner:x=0.48,y=0.44	bottom=549 top=581 left=490 right=61 inner=9 middle=3
八	-	9.6	3.8	3.9	-	-	right:x=0.48,y=0.53 middle:x=0.50,y=0.50 top:x=0.50,y=0.35 bottom:x=0.49,y=0.55 inner:x=0.50,y=0.50	bottom=1375 top=144 right=6 middle=122 inner=4
目	4.8	7.8	11.1	8.4	-	-	left:x=0.53,y=0.49 right:x=0.49,y=0.52 top:x=0.51,y=0.51 bottom:x=0.50,y=0.52 inner:x=0.44,y=0.50	top=1074 bottom=78 right=65 left=350 inner=12
日	4.9	8.1	6.6	7.3	-	-	left:x=0.53,y=0.47 right:x=0.48,y=0.53 top:x=0.50,y=0.52 bottom:x=0.50,y=0.54 inner:x=0.50,y=0.44	bottom=596 top=670 left=271 right=20 inner=16
亠	-	-	4.2	-	-	-	top:x=0.51,y=0.43	top=1499
氵	3.9	-	-	-	-	-	left:x=0.50,y=0.49 middle:x=0.49,y=0.50	left=1458 middle=6
亻	4.2	-	-	-	-	-	left:x=0.50,y=0.50	left=1211
䒑	-	-	4.7	8.8	-	-	middle:x=0.51,y=0.46 top:x=0.50,y=0.47 bottom:x=0.50,y=0.47	top=371 bottom=751 middle=51
幺	6.6	5.1	10	11.3	-	-	left:x=0.51,y=0.50 right:x=0.50,y=0.50 top:x=0.49,y=0.48 bottom:x=0.51,y=0.46	left=100 top=806 bottom=35 right=76
女	5.3	9.2	7.2	7.5	-	-	left:x=0.49,y=0.49 right:x=0.50,y=0.50 middle:x=0.53,y=0.52 top:x=0.50,y=0.49 bottom:x=0.50,y=0.50 inner:x=0.49,y=0.50	left=607 right=14 bottom=337 top=6 inner=8 middle=9
扌	4.9	-	-	-	-	-	left:x=0.47,y=0.49	left=948
田	5.7	8.7	6.9	7.3	-	-	left:x=0.51,y=0.49 right:x=0.51,y=0.53 middle:x=0.51,y=0.48 top:x=0.50,y=0.50 bottom:x=0.50,y=0.53 inner:x=0.47,y=0.37	bottom=267 top=252 left=107 right=59 middle=221 inner=4
火	5.2	8.2	7.2	6.9	-	-	left:x=0.51,y=0.50 right:x=0.48,y=0.48 top:x=0.50,y=0.50 bottom:x=0.50,y=0.50 inner:x=0.50,y=0.44	top=85 right=146 left=490 bottom=132 inner=12
貝	5.7	9.2	-	10.7	-	-	left:x=0.48,y=0.52 right:x=0.50,y=0.52 middle:x=0.52,y=0.54 top:x=0.50,y=0.52 bottom:x=0.49,y=0.51 inner:x=0.46,y=0.45	bottom=643 right=40 left=144 inner=10 top=3 middle=3
宀	-	-	4.9	-	-	-	top:x=0.50,y=0.46	top=760
釒	6	-	-	-	-	-	left:x=0.48,y=0.48	left=742
十	4.2	7.9	5.1	6.7	-	-	left:x=0.53,y=0.50 right:x=0.51,y=0.51 middle:x=0.50,y=0.32 top:x=0.50,y=0.53 bottom:x=0.51,y=0.48 inner:x=0.56,y=0.27	top=335 bottom=328 right=8 left=4 inner=24 middle=3
月	5.2	7.9	-	-	-	-	left:x=0.46,y=0.52 right:x=0.43,y=0.53 inner:x=0.57,y=0.47	right=128 left=557 inner=4
虫	5.8	8.2	7	7.4	-	-	left:x=0.49,y=0.47 right:x=0.52,y=0.51 top:x=0.51,y=0.51 bottom:x=0.51,y=0.51 inner:x=0.45,y=0.41	bottom=123 left=489 right=57 top=6 inner=9
山	5.5	9	4	5.6	-	-	left:x=0.52,y=0.44 right:x=0.49,y=0.51 top:x=0.50,y=0.44 bottom:x=0.50,y=0.52 inner:x=0.49,y=0.47	bottom=54 top=300 left=274 right=18 inner=7
中	-	9.3	9.8	-	-	-	right:x=0.50,y=0.50 top:x=0.50,y=0.49	right=25 top=604
止	8	9	4.8	9.3	-	-	left:x=0.47,y=0.49 right:x=0.48,y=0.48 top:x=0.50,y=0.45 bottom:x=0.48,y=0.43 inner:x=0.30,y=0.33	left=86 bottom=341 top=156 right=23 inner=12
禾	5.7	8.1	7.9	7	-	-	left:x=0.47,y=0.51 right:x=0.49,y=0.45 top:x=0.50,y=0.50 bottom:x=0.50,y=0.52	top=135 left=395 right=39 bottom=36
小	-	8.9	-	7.8	-	-	right:x=0.49,y=0.51 bottom:x=0.49,y=0.48	bottom=590 right=9
𥫗	-	-	3.9	-	-	-	top:x=0.49,y=0.49	top=598
⿰㇀丶	-	-	-	5.2	-	-	bottom:x=0.50,y=0.43	bottom=598
阝	5.1	5.9	-	-	-	-	left:x=0.56,y=0.52 right:x=0.54,y=0.53	right=306 left=291
习	-	-	-	-	-	-	left:x=0.47,y=0.52 right:x=0.48,y=0.53	left=298 right=298
心	-	9.4	5.9	5.6	-	-	left:x=0.49,y=0.47 right:x=0.50,y=0.50 top:x=0.51,y=0.51 bottom:x=0.50,y=0.49 inner:x=0.47,y=0.41	bottom=520 top=36 right=15 inner=17 left=6
{86}	-	-	-	5	-	-	bottom:x=0.48,y=0.50	bottom=588
糹	5.7	-	-	-	-	-	left:x=0.49,y=0.49	left=583
大	-	8.4	6.4	7.7	-	-	right:x=0.48,y=0.50 middle:x=0.50,y=0.48 top:x=0.50,y=0.48 bottom:x=0.50,y=0.50 inner:x=0.46,y=0.50	bottom=345 right=13 top=189 middle=24 inner=8
忄	4.8	-	-	-	-	-	left:x=0.50,y=0.50	left=540
隹	6	8.8	9.1	9.1	-	-	left:x=0.48,y=0.49 right:x=0.47,y=0.50 top:x=0.48,y=0.48 bottom:x=0.48,y=0.51 inner:x=0.46,y=0.45	top=133 right=197 bottom=162 left=25 inner=21
丷	-	-	2.9	-	-	-	middle:x=0.51,y=0.58 top:x=0.51,y=0.57	top=452 middle=72
訁	5.6	-	-	-	-	-	left:x=0.48,y=0.49	left=505
⺈	-	-	5.5	-	-	-	top:x=0.41,y=0.49	top=483
石	5.5	9.3	7.1	6.9	-	-	left:x=0.47,y=0.51 right:x=0.47,y=0.53 top:x=0.48,y=0.53 bottom:x=0.49,y=0.53	right=24 top=11 left=408 bottom=38
厶	-	8.6	5.7	6.9	-	-	right:x=0.49,y=0.50 middle:x=0.51,y=0.38 top:x=0.52,y=0.47 bottom:x=0.52,y=0.40 inner:x=0.33,y=0.50	top=296 bottom=104 right=14 inner=24 middle=30
二	-	-	5.4	8.5	-	-	middle:x=0.50,y=0.50 top:x=0.50,y=0.50 bottom:x=0.50,y=0.53 inner:x=0.38,y=0.20	top=303 bottom=12 middle=146 inner=5
灬	-	-	-	4.2	-	-	bottom:x=0.50,y=0.55 inner:x=0.51,y=0.41	bottom=447 inner=15
冖	-	-	3.2	5.4	-	-	middle:x=0.50,y=0.55 top:x=0.50,y=0.58 bottom:x=0.50,y=0.50	top=113 bottom=211 middle=138
立	5.8	9.5	7.4	8	-	-	left:x=0.50,y=0.45 right:x=0.50,y=0.47 top:x=0.51,y=0.44 bottom:x=0.50,y=0.47 inner:x=0.47,y=0.46	bottom=14 top=355 right=26 left=60 inner=6
罒	-	-	4.3	8.2	-	-	left:x=0.47,y=0.54 right:x=0.49,y=0.54 middle:x=0.51,y=0.49 top:x=0.50,y=0.53 bottom:x=0.51,y=0.47	top=328 bottom=22 middle=84 left=3 right=3
鳥	6.9	7.8	9.8	9.2	-	-	left:x=0.48,y=0.50 right:x=0.49,y=0.50 top:x=0.50,y=0.49 bottom:x=0.51,y=0.51 inner:x=0.46,y=0.45	top=6 right=319 bottom=65 left=38 inner=9
⺝	8.2	-	-	8.6	-	-	left:x=0.53,y=0.52 bottom:x=0.50,y=0.53 inner:x=0.36,y=0.44	bottom=360 left=65 inner=11
魚	6.5	9.6	9.7	8.2	-	-	left:x=0.50,y=0.50 right:x=0.49,y=0.50 top:x=0.50,y=0.50 bottom:x=0.49,y=0.50	left=385 bottom=23 right=8 top=13
儿	-	-	-	6.3	-	-	bottom:x=0.49,y=0.48	bottom=428
攵	-	7.4	-	-	-	-	right:x=0.49,y=0.50	right=428
𤣩	5.1	-	-	-	-	-	left:x=0.48,y=0.47	left=425
又	6.1	7.3	7.6	6	-	-	left:x=0.48,y=0.52 right:x=0.48,y=0.54 top:x=0.50,y=0.55 bottom:x=0.50,y=0.54	bottom=213 right=145 top=40 left=17
刂	-	5.8	-	-	-	-	right:x=0.48,y=0.51	right=412
广	-	12.9	-	-	⿸4,4,0,0	-	right:x=0.51,y=0.44	right=164 ⿸=233
寸	-	7.5	-	6	-	-	right:x=0.51,y=0.50 bottom:x=0.51,y=0.50 inner:x=0.45,y=0.49	bottom=228 right=151 inner=15
𠆢	-	-	4.8	-	-	-	middle:x=0.49,y=0.50 top:x=0.50,y=0.50	top=312 middle=45
𠮛	-	-	8.4	4.9	-	-	middle:x=0.51,y=0.54 top:x=0.50,y=0.51 bottom:x=0.52,y=0.57 inner:x=0.60,y=0.43	top=298 bottom=6 inner=9 middle=35
丆	-	-	3.3	-	-	-	top:x=0.51,y=0.69	top=342
疒	-	-	-	-	⿸4,4,0,0	-	-	⿸=338
車	6.5	9.7	11	13	-	-	left:x=0.49,y=0.50 right:x=0.51,y=0.50 top:x=0.50,y=0.48 bottom:x=0.50,y=0.51 inner:x=0.45,y=0.48	bottom=63 left=243 right=9 top=8 inner=13
力	7.9	7.3	6.9	7.4	-	-	left:x=0.44,y=0.50 right:x=0.43,y=0.50 top:x=0.49,y=0.49 bottom:x=0.45,y=0.51 inner:x=0.34,y=0.49	right=170 bottom=96 left=40 top=23 inner=7
白	5	8.6	7.7	7.9	-	-	left:x=0.54,y=0.45 right:x=0.49,y=0.50 middle:x=0.50,y=0.46 top:x=0.50,y=0.48 bottom:x=0.50,y=0.49 inner:x=0.47,y=0.47	top=165 bottom=51 right=32 left=56 middle=26 inner=3
皿	-	-	-	6.3	-	-	bottom:x=0.50,y=0.50	bottom=333
𧾷	5.7	-	-	-	-	-	left:x=0.48,y=0.49	left=330
冫	3.4	-	-	-	-	-	left:x=0.52,y=0.55	left=329
辶	-	-	-	-	⿺6,0,0,2	-	-	⿺=319
米	5.7	9.8	7	7.7	-	-	left:x=0.49,y=0.50 right:x=0.50,y=0.50 middle:x=0.49,y=0.50 top:x=0.50,y=0.50 bottom:x=0.50,y=0.51 inner:x=0.46,y=0.46	top=75 bottom=48 right=11 left=164 inner=15 middle=3
馬	6.4	9.7	8.9	8.8	-	-	left:x=0.48,y=0.52 right:x=0.48,y=0.52 middle:x=0.49,y=0.53 top:x=0.48,y=0.52 bottom:x=0.48,y=0.51 inner:x=0.45,y=0.48	left=245 bottom=20 right=26 top=7 middle=6 inner=5
衤	5.3	-	-	-	-	-	left:x=0.49,y=0.50	left=304
廿	-	-	5.8	-	-	-	top:x=0.49,y=0.51	top=304
𠂉	-	-	5.7	-	-	-	top:x=0.48,y=0.48	top=296
犭	4.7	-	-	-	-	-	left:x=0.49,y=0.50	left=294
爫	-	-	5.5	-	-	-	top:x=0.49,y=0.51	top=293
子	5.5	8.7	7.2	8	-	-	left:x=0.50,y=0.53 right:x=0.51,y=0.53 top:x=0.50,y=0.50 bottom:x=0.50,y=0.51 inner:x=0.47,y=0.53	bottom=185 left=44 right=32 top=19 inner=8
彳	4.3	-	-	-	-	-	left:x=0.48,y=0.50	left=285
彡	5.4	6.6	7.2	9.2	-	-	left:x=0.53,y=0.50 right:x=0.49,y=0.48 top:x=0.49,y=0.49 bottom:x=0.49,y=0.52 inner:x=0.41,y=0.55	bottom=95 right=164 left=10 top=4 inner=8
夕	7.7	9.7	7.7	9.6	-	-	left:x=0.47,y=0.51 right:x=0.48,y=0.50 top:x=0.45,y=0.49 bottom:x=0.47,y=0.51	right=9 bottom=76 left=145 top=48
耳	6.3	9.4	7.2	10.2	-	-	left:x=0.50,y=0.52 right:x=0.51,y=0.53 top:x=0.52,y=0.52 bottom:x=0.50,y=0.53	top=27 left=163 right=43 bottom=44
羽	7.2	8.2	6.3	8	-	-	left:x=0.47,y=0.52 right:x=0.47,y=0.52 top:x=0.49,y=0.53 bottom:x=0.48,y=0.53 inner:x=0.41,y=0.53	bottom=73 top=118 right=51 left=27 inner=7
{88}	-	-	6.5	-	-	-	top:x=0.50,y=0.44	top=264
𠁣	7.5	-	-	-	-	-	left:x=0.49,y=0.52	left=264
𠃛	-	7.5	-	-	-	-	right:x=0.51,y=0.52	right=264
夊	-	-	-	7.7	-	-	bottom:x=0.50,y=0.51	bottom=262
吅	-	-	4.4	7.5	-	-	middle:x=0.50,y=0.49 top:x=0.51,y=0.50 bottom:x=0.50,y=0.54	top=154 bottom=82 middle=24
頁	-	7.7	-	-	-	-	left:x=0.49,y=0.53 right:x=0.48,y=0.53 middle:x=0.49,y=0.53	right=254 middle=4 left=3
钅	5.8	-	-	-	-	-	left:x=0.47,y=0.49	left=257
匕	4.9	7	5.5	7.2	-	-	left:x=0.53,y=0.45 right:x=0.54,y=0.48 top:x=0.54,y=0.46 bottom:x=0.54,y=0.49 inner:x=0.52,y=0.46	top=66 left=12 bottom=89 right=84 inner=5
雨	-	-	6.7	-	-	-	top:x=0.50,y=0.52	top=249
巾	5.6	8.8	-	7.8	-	-	left:x=0.51,y=0.50 right:x=0.50,y=0.50 bottom:x=0.50,y=0.51 inner:x=0.43,y=0.46	bottom=114 left=121 right=4 inner=5
欠	-	7.5	-	-	-	-	right:x=0.48,y=0.50	right=244
⿱丶⿻工二	-	11.1	-	-	-	-	right:x=0.45,y=0.47	right=241
龰	-	-	-	8.8	-	-	bottom:x=0.50,y=0.48	bottom=237
龷	-	-	8.6	-	-	-	top:x=0.50,y=0.46	top=235
士	-	9.4	7.1	-	-	-	right:x=0.51,y=0.47 top:x=0.50,y=0.43	top=215 right=19
夂	-	-	8.4	-	-	-	top:x=0.50,y=0.50	top=232
穴	-	9.4	5.4	-	-	-	right:x=0.49,y=0.51 middle:x=0.50,y=0.58 top:x=0.50,y=0.47	top=204 right=12 middle=12
酉	6.6	9.4	-	12	-	-	left:x=0.49,y=0.52 right:x=0.50,y=0.53 bottom:x=0.50,y=0.50 inner:x=0.47,y=0.51	bottom=52 left=161 right=8 inner=4
𧘇	-	-	-	5.9	-	-	bottom:x=0.50,y=0.45	bottom=220
斤	6.9	7.7	-	10.6	-	-	left:x=0.48,y=0.50 right:x=0.47,y=0.50 bottom:x=0.49,y=0.51 inner:x=0.44,y=0.54	right=181 left=27 bottom=4 inner=6
工	6.5	8.7	4.7	7	-	-	left:x=0.49,y=0.52 right:x=0.51,y=0.52 middle:x=0.52,y=0.44 top:x=0.51,y=0.49 bottom:x=0.50,y=0.50 inner:x=0.46,y=0.49	bottom=57 left=65 top=28 right=41 middle=20 inner=5
干	6.6	8.6	7.6	11.4	-	-	left:x=0.48,y=0.53 right:x=0.52,y=0.53 top:x=0.50,y=0.55 bottom:x=0.50,y=0.52 inner:x=0.47,y=0.55	bottom=124 right=50 top=16 left=18 inner=5
刀	-	8	8	5.6	-	-	right:x=0.44,y=0.54 top:x=0.48,y=0.52 bottom:x=0.47,y=0.55	right=112 bottom=14 top=83
贝	6.1	9.7	-	8.6	-	-	left:x=0.47,y=0.53 right:x=0.49,y=0.53 bottom:x=0.49,y=0.52 inner:x=0.47,y=0.46	bottom=133 left=56 right=14 inner=3
殳	-	7.5	-	-	-	-	right:x=0.49,y=0.52	right=206
革	6.6	9.5	-	8.6	-	-	left:x=0.49,y=0.50 right:x=0.51,y=0.51 bottom:x=0.50,y=0.51	right=11 left=177 bottom=8
⿻中一	-	-	-	9.2	-	-	bottom:x=0.48,y=0.51	bottom=196
丰	7.1	9.8	7.6	8.1	⿸6,8,0,0	-	left:x=0.50,y=0.49 right:x=0.51,y=0.48 top:x=0.50,y=0.48 bottom:x=0.50,y=0.53	left=82 right=34 bottom=70 top=4 ⿸=4
方	6.3	9.3	-	6.5	-	-	left:x=0.48,y=0.50 right:x=0.48,y=0.50 bottom:x=0.48,y=0.51 inner:x=0.50,y=0.45	left=106 right=32 bottom=50 inner=5
比	-	9.4	7.1	7.7	-	-	right:x=0.52,y=0.49 top:x=0.52,y=0.50 bottom:x=0.53,y=0.52 inner:x=0.46,y=0.09	bottom=84 right=25 top=44 inner=39
戈	-	7.3	-	6.6	⿹0,4,8,0 ⿽0,0,6,6	-	right:x=0.50,y=0.50 top:x=0.52,y=0.50 bottom:x=0.51,y=0.50	right=69 bottom=46 top=40 ⿽=23 ⿹=11
⺊	-	-	4.2	-	-	-	top:x=0.70,y=0.53	top=189
覀	-	-	7.2	-	-	-	top:x=0.51,y=0.51	top=185
𫜹	-	7.5	6.2	6.8	-	-	right:x=0.49,y=0.56 middle:x=0.51,y=0.50 top:x=0.50,y=0.50 bottom:x=0.52,y=0.53	bottom=67 top=70 right=42 middle=5
弓	5.3	6.4	-	8.3	-	-	left:x=0.50,y=0.52 right:x=0.49,y=0.53 bottom:x=0.51,y=0.51	left=152 right=16 bottom=15
門	-	10.1	-	-	⿵3,6,3,0	-	right:x=0.49,y=0.52	right=5 ⿵=175
飠	6.3	-	-	-	-	-	left:x=0.48,y=0.48	left=175
示	5.2	9.8	-	8	-	-	left:x=0.48,y=0.50 right:x=0.50,y=0.54 bottom:x=0.49,y=0.53	bottom=159 left=6 right=10
臼	6.2	9	7.2	9.2	-	-	left:x=0.54,y=0.48 right:x=0.49,y=0.52 top:x=0.50,y=0.48 bottom:x=0.50,y=0.50	top=97 bottom=69 right=3 left=5
纟	5.4	-	-	-	-	-	left:x=0.49,y=0.46	left=171
⺌	-	-	4.9	-	-	-	top:x=0.50,y=0.55	top=170
糸	5.8	5.2	-	8.9	-	-	left:x=0.49,y=0.48 right:x=0.49,y=0.49 bottom:x=0.49,y=0.49 inner:x=0.41,y=0.45	bottom=114 right=48 left=4 inner=3
𪜊	-	-	6.6	-	-	-	top:x=0.47,y=0.51	top=169
𰀠	-	-	-	8.4	-	-	bottom:x=0.49,y=0.48	bottom=169
厂	-	-	-	9.7	⿸4,2,0,0	-	bottom:x=0.48,y=0.51	bottom=34 ⿸=133
㐄	-	7.6	-	6.3	-	-	right:x=0.51,y=0.51 bottom:x=0.50,y=0.49	right=73 bottom=94
旦	-	9.1	7.9	6.8	-	-	right:x=0.51,y=0.51 top:x=0.51,y=0.52 bottom:x=0.50,y=0.50 inner:x=0.46,y=0.49	bottom=58 top=78 right=23 inner=5
礻	5.4	-	-	-	-	-	left:x=0.49,y=0.50	left=164
讠	5	-	-	-	-	-	left:x=0.54,y=0.49 middle:x=0.58,y=0.48	left=158 middle=3
犬	-	7.5	7	7	-	-	left:x=0.51,y=0.49 right:x=0.49,y=0.50 top:x=0.51,y=0.50 bottom:x=0.49,y=0.50 inner:x=0.45,y=0.43	right=84 bottom=42 top=13 inner=12 left=8
𠂒	-	-	8.7	-	-	-	top:x=0.50,y=0.48	top=156
舟	6.2	9	-	-	-	-	left:x=0.49,y=0.50 right:x=0.48,y=0.50	left=148 right=8
龶	-	-	6.6	-	-	-	top:x=0.51,y=0.45	top=156
凵	-	-	-	6.8	⿶3,0,3,4	-	bottom:x=0.50,y=0.51	bottom=148 ⿶=7
用	-	10.2	-	11	-	-	right:x=0.45,y=0.54 bottom:x=0.47,y=0.51	bottom=150 right=4
毛	-	7.3	7	8.1	⿺6,0,0,4	-	left:x=0.49,y=0.50 right:x=0.52,y=0.49 top:x=0.51,y=0.48 bottom:x=0.50,y=0.49 inner:x=0.46,y=0.45	right=71 top=9 bottom=16 inner=13 left=11 ⿺=33
見	-	7.7	-	8.5	⿺8,0,0,4	-	left:x=0.51,y=0.51 right:x=0.47,y=0.52 bottom:x=0.50,y=0.52	bottom=29 right=117 left=3 ⿺=3
豆	6.7	9.5	-	9.7	-	-	left:x=0.48,y=0.50 right:x=0.50,y=0.51 bottom:x=0.50,y=0.49 inner:x=0.45,y=0.42	bottom=95 left=35 right=15 inner=4
言	-	9.3	-	10.3	-	-	right:x=0.51,y=0.50 middle:x=0.50,y=0.47 bottom:x=0.50,y=0.49 inner:x=0.48,y=0.47	bottom=78 right=13 middle=50 inner=9
王	-	9.3	7.5	8.8	-	-	right:x=0.51,y=0.52 top:x=0.51,y=0.53 bottom:x=0.50,y=0.50 inner:x=0.46,y=0.50	top=13 bottom=81 right=38 inner=13
羊	5.9	9	6.8	9.9	-	-	left:x=0.48,y=0.50 right:x=0.51,y=0.50 middle:x=0.53,y=0.52 top:x=0.51,y=0.48 bottom:x=0.43,y=0.56 inner:x=0.47,y=0.48	bottom=23 right=35 top=23 left=53 middle=5 inner=3
冋	-	9.1	-	7.6	-	-	right:x=0.49,y=0.53 bottom:x=0.50,y=0.54 inner:x=0.43,y=0.53	bottom=130 right=9 inner=3
龴	-	-	4.8	8.2	-	-	top:x=0.49,y=0.61 bottom:x=0.51,y=0.55	top=57 bottom=84
𰀁	-	-	-	9.6	-	-	bottom:x=0.50,y=0.48 inner:x=0.60,y=0.40	bottom=134 inner=4
勿	-	9.3	8.7	7.3	-	-	right:x=0.48,y=0.50 top:x=0.47,y=0.48 bottom:x=0.46,y=0.47 inner:x=0.37,y=0.48	bottom=95 top=20 right=18 inner=3
从	-	-	6.2	6.9	-	-	top:x=0.51,y=0.50 bottom:x=0.49,y=0.54 inner:x=0.56,y=0.29	top=45 bottom=84 inner=6
歹	5.9	-	-	9.4	-	-	left:x=0.48,y=0.52 bottom:x=0.48,y=0.52 inner:x=0.46,y=0.43	left=127 bottom=4 inner=3
走	-	9.9	-	-	⿺8,0,0,2	-	right:x=0.48,y=0.50	right=6 ⿺=125
可	7.4	9	-	8.8	-	-	left:x=0.53,y=0.53 right:x=0.52,y=0.53 top:x=0.51,y=0.57 bottom:x=0.51,y=0.52	bottom=75 right=46 left=3 top=6
夫	6.6	9.1	-	7.8	-	-	left:x=0.48,y=0.50 right:x=0.50,y=0.50 bottom:x=0.51,y=0.47	bottom=36 right=51 left=42
水	-	10.9	8	7.8	-	-	left:x=0.50,y=0.50 right:x=0.48,y=0.51 top:x=0.50,y=0.47 bottom:x=0.50,y=0.50 inner:x=0.46,y=0.46	bottom=68 top=34 right=10 inner=11 left=6
镸	8.3	-	-	-	-	-	left:x=0.50,y=0.52	left=128
鱼	6.2	-	9.4	8.2	-	-	left:x=0.48,y=0.47 top:x=0.49,y=0.47 bottom:x=0.50,y=0.47	left=112 bottom=6 top=8
辛	5.1	8	-	11.4	-	-	left:x=0.50,y=0.50 right:x=0.51,y=0.50 bottom:x=0.50,y=0.50 inner:x=0.47,y=0.47	right=95 left=16 bottom=12 inner=3
矢	6.7	9.1	-	10.2	-	-	left:x=0.48,y=0.49 right:x=0.51,y=0.50 bottom:x=0.50,y=0.51 inner:x=0.46,y=0.46	bottom=71 left=41 right=9 inner=5
兀	-	9.1	-	6.6	⿺6,0,0,4	-	right:x=0.49,y=0.54 bottom:x=0.49,y=0.54	right=9 bottom=109 ⿺=6
合	7.2	9.3	7.8	10.9	-	-	left:x=0.49,y=0.49 right:x=0.50,y=0.50 top:x=0.50,y=0.47 bottom:x=0.50,y=0.49 inner:x=0.47,y=0.47	top=36 left=13 bottom=25 right=41 inner=7
今	6.8	8.7	9.3	11	-	-	left:x=0.49,y=0.50 right:x=0.50,y=0.50 top:x=0.50,y=0.50 bottom:x=0.50,y=0.50 inner:x=0.45,y=0.49	top=64 bottom=12 right=38 left=4 inner=4
豕	6.3	9.3	-	11.9	-	-	left:x=0.49,y=0.53 right:x=0.51,y=0.52 bottom:x=0.50,y=0.52 inner:x=0.45,y=0.58	right=10 bottom=58 left=41 inner=9
廾	-	-	-	8	-	-	bottom:x=0.50,y=0.52	bottom=118
臣	7.6	8.7	-	10.9	-	-	left:x=0.54,y=0.50 right:x=0.53,y=0.51 bottom:x=0.54,y=0.49	left=103 bottom=3 right=10
巴	-	8.6	-	10.2	-	-	right:x=0.53,y=0.52 bottom:x=0.54,y=0.51 inner:x=0.50,y=0.51	bottom=78 right=33 inner=4
尸	-	-	-	10.9	⿸4,6,0,0	-	bottom:x=0.44,y=0.51	bottom=11 ⿸=104
矛	7	9	7.5	10.7	-	-	left:x=0.50,y=0.52 right:x=0.49,y=0.53 middle:x=0.46,y=0.50 top:x=0.50,y=0.51 bottom:x=0.50,y=0.51	top=54 left=47 right=4 bottom=4 middle=4
瓦	-	7.5	-	7	⿺8,0,0,4	-	right:x=0.50,y=0.53 bottom:x=0.51,y=0.51	right=79 bottom=24 ⿺=9
𠫔	-	-	6.7	7.6	-	-	top:x=0.51,y=0.56 bottom:x=0.49,y=0.56	top=97 bottom=15
髟	-	-	6.9	-	-	-	top:x=0.50,y=0.50	top=110
⿵𠆢丶	-	-	6.8	-	-	-	top:x=0.50,y=0.44	top=110
牜	5.4	-	-	-	-	-	left:x=0.48,y=0.50	left=108
早	-	-	-	9.8	-	-	bottom:x=0.50,y=0.53	bottom=107
耂	-	-	7.4	-	-	-	top:x=0.51,y=0.48	top=107
林	9.7	10.6	7.1	8.5	-	-	left:x=0.49,y=0.50 right:x=0.50,y=0.50 top:x=0.50,y=0.47 bottom:x=0.50,y=0.51 inner:x=0.45,y=0.47	right=16 bottom=11 top=50 left=5 inner=25
甫	-	9.2	9.4	-	-	-	right:x=0.51,y=0.50 top:x=0.51,y=0.49 inner:x=0.48,y=0.46	top=55 right=44 inner=7
{25}	-	-	-	10.7	-	-	bottom:x=0.51,y=0.45	bottom=104
先	7.8	9.6	-	-	-	-	left:x=0.49,y=0.50 right:x=0.51,y=0.49 inner:x=0.46,y=0.53	right=59 left=42 inner=3
𦍌	-	-	6.7	10.2	-	-	top:x=0.50,y=0.48 bottom:x=0.48,y=0.47	top=90 bottom=13
开	8.9	9.2	8.4	11.8	-	-	left:x=0.47,y=0.53 right:x=0.50,y=0.53 top:x=0.50,y=0.54 bottom:x=0.50,y=0.51 inner:x=0.47,y=0.53	bottom=60 left=18 top=3 right=17 inner=3
业	-	-	4.1	9.6	-	-	top:x=0.51,y=0.47 bottom:x=0.50,y=0.45	top=78 bottom=23
双	-	-	-	7.2	-	-	top:x=0.51,y=0.51 bottom:x=0.49,y=0.53	bottom=63 top=38
角	6.6	9.6	-	8.8	-	-	left:x=0.46,y=0.50 right:x=0.45,y=0.50 bottom:x=0.46,y=0.48	left=84 bottom=10 right=7
骨	6.9	9.4	-	-	-	-	left:x=0.51,y=0.52 right:x=0.50,y=0.52 inner:x=0.46,y=0.50	left=83 right=14 inner=3
共	-	9.9	10.1	8.7	-	-	right:x=0.49,y=0.51 top:x=0.50,y=0.48 bottom:x=0.50,y=0.52	right=30 bottom=52 top=17
午	-	9.5	8.3	-	-	-	right:x=0.51,y=0.50 top:x=0.50,y=0.48	top=84 right=15
㐱	-	9.2	-	8.5	-	-	right:x=0.50,y=0.50 bottom:x=0.50,y=0.49	bottom=74 right=22
回	-	9.1	-	10.4	-	-	right:x=0.48,y=0.53 bottom:x=0.50,y=0.51 inner:x=0.47,y=0.52	bottom=82 right=11 inner=3
去	7.5	9.5	8.9	9.7	-	-	left:x=0.50,y=0.45 right:x=0.51,y=0.50 top:x=0.51,y=0.47 bottom:x=0.50,y=0.51 inner:x=0.45,y=0.47	left=20 top=39 right=26 bottom=7 inner=3
㔾	-	7	-	6.5	-	-	right:x=0.54,y=0.54 bottom:x=0.50,y=0.50 inner:x=0.53,y=0.54	bottom=30 right=62 inner=3
巛	-	-	4	-	-	-	top:x=0.50,y=0.48	top=94
而	8	9.3	8.7	7.7	-	-	left:x=0.49,y=0.53 right:x=0.51,y=0.53 top:x=0.51,y=0.54 bottom:x=0.51,y=0.53	top=32 right=16 bottom=42 left=4
丁	5.6	8.2	-	5.3	-	-	left:x=0.52,y=0.52 right:x=0.52,y=0.54 bottom:x=0.51,y=0.53 inner:x=0.49,y=0.56	right=28 bottom=58 left=5 inner=3
囗	-	-	-	-	⿴3,3,3,3	-	-	⿴=93
鸟	-	7.3	-	8.5	-	-	right:x=0.49,y=0.49 bottom:x=0.48,y=0.51	right=79 bottom=14
黑	6.8	10	10.8	9	-	-	left:x=0.48,y=0.52 right:x=0.49,y=0.53 top:x=0.50,y=0.53 bottom:x=0.50,y=0.53 inner:x=0.47,y=0.45	top=10 right=8 left=51 bottom=20 inner=3
由	-	8.7	7.3	10.3	-	-	right:x=0.50,y=0.50 middle:x=0.49,y=0.52 top:x=0.50,y=0.45 bottom:x=0.50,y=0.50 inner:x=0.47,y=0.47	top=14 right=31 bottom=4 middle=38 inner=5
圭	7.7	9.3	8.4	11	-	-	left:x=0.49,y=0.48 right:x=0.50,y=0.48 top:x=0.50,y=0.48 bottom:x=0.50,y=0.49 inner:x=0.44,y=0.44	right=38 bottom=16 left=26 top=4 inner=8
者	7.6	9.4	8.4	11.1	-	-	left:x=0.48,y=0.49 right:x=0.49,y=0.50 top:x=0.49,y=0.48 bottom:x=0.49,y=0.50 inner:x=0.46,y=0.46	bottom=26 top=7 right=48 left=6 inner=5
古	6.9	8.4	6	10.7	-	-	left:x=0.53,y=0.47 right:x=0.51,y=0.50 top:x=0.50,y=0.48 bottom:x=0.50,y=0.49 inner:x=0.48,y=0.46	right=34 top=8 left=35 bottom=7 inner=7
束	7.4	9.3	-	-	-	-	left:x=0.47,y=0.50 right:x=0.49,y=0.50 inner:x=0.44,y=0.53	right=22 left=64 inner=3
牛	-	8.8	-	9	-	-	right:x=0.51,y=0.51 bottom:x=0.50,y=0.51	bottom=79 right=10
旡	-	8	-	-	-	-	left:x=0.50,y=0.51 right:x=0.49,y=0.52	right=57 left=31
兄	-	9.6	-	11.5	-	-	right:x=0.48,y=0.53 bottom:x=0.49,y=0.51	right=18 bottom=70
千	-	8.9	8.5	-	-	-	right:x=0.51,y=0.51 top:x=0.50,y=0.53 inner:x=0.44,y=0.55	top=66 right=18 inner=4
⿰三丨	7.5	-	-	-	-	-	left:x=0.41,y=0.50	left=88
⿰丨三	-	7.5	-	-	-	-	right:x=0.58,y=0.50	right=88
炏	-	-	10	7.9	-	-	top:x=0.50,y=0.48 bottom:x=0.50,y=0.49	top=80 bottom=8
音	6.7	9.6	10.6	10.2	-	-	left:x=0.49,y=0.49 right:x=0.51,y=0.50 top:x=0.52,y=0.49 bottom:x=0.50,y=0.51 inner:x=0.49,y=0.47	right=19 top=35 left=22 bottom=8 inner=3
公	7	8.8	7	7.7	-	-	left:x=0.49,y=0.45 right:x=0.50,y=0.50 middle:x=0.50,y=0.51 top:x=0.50,y=0.49 bottom:x=0.50,y=0.49	right=29 bottom=4 top=44 left=3 middle=8
各	7.2	9	-	12	-	-	left:x=0.49,y=0.49 right:x=0.50,y=0.50 bottom:x=0.50,y=0.50 inner:x=0.44,y=0.44	right=61 left=7 bottom=16 inner=4
且	6.8	8.8	-	10.3	-	-	left:x=0.53,y=0.51 right:x=0.48,y=0.51 bottom:x=0.50,y=0.49 inner:x=0.45,y=0.43	bottom=18 right=49 left=11 inner=9
皮	6.9	9.2	-	8.1	-	-	left:x=0.49,y=0.49 right:x=0.48,y=0.50 bottom:x=0.49,y=0.50	left=14 right=68 bottom=4
车	6.2	9.5	-	12.5	-	-	left:x=0.49,y=0.49 right:x=0.51,y=0.50 bottom:x=0.50,y=0.50 inner:x=0.48,y=0.49	left=58 right=3 bottom=18 inner=7
至	7.5	9.5	-	9.3	-	-	left:x=0.49,y=0.50 right:x=0.50,y=0.51 bottom:x=0.50,y=0.49 inner:x=0.46,y=0.44	bottom=26 left=22 right=28 inner=9
里	7.8	9.4	7.7	9.6	-	-	left:x=0.50,y=0.51 right:x=0.50,y=0.51 top:x=0.47,y=0.41 bottom:x=0.50,y=0.51 inner:x=0.46,y=0.44	top=8 bottom=41 right=27 left=4 inner=5
缶	6.6	8.1	-	9.2	-	-	left:x=0.47,y=0.46 right:x=0.47,y=0.48 middle:x=0.49,y=0.46 bottom:x=0.50,y=0.51 inner:x=0.68,y=0.46	bottom=39 left=31 right=5 middle=4 inner=6
卩	-	6.8	-	-	-	-	right:x=0.49,y=0.53	right=84
來	7.8	9.9	8.8	-	-	-	left:x=0.50,y=0.50 right:x=0.50,y=0.50 top:x=0.47,y=0.48 inner:x=0.46,y=0.46	left=12 right=21 top=47 inner=4
文	5.7	9.6	7.4	8.8	-	-	left:x=0.48,y=0.49 right:x=0.49,y=0.49 middle:x=0.47,y=0.49 top:x=0.50,y=0.49 bottom:x=0.50,y=0.51 inner:x=0.49,y=0.40	bottom=6 right=23 top=33 left=12 inner=6 middle=3
天	-	9.4	9	9.4	-	-	right:x=0.51,y=0.54 top:x=0.50,y=0.54 bottom:x=0.49,y=0.51	top=21 bottom=57 right=5
𠘨	-	-	-	-	⿵2,2,10,0	-	-	⿵=83
鬼	-	9.2	-	11.2	⿺8,0,0,4	-	right:x=0.48,y=0.50 bottom:x=0.50,y=0.48 inner:x=0.47,y=0.47	right=35 bottom=8 inner=7 ⿺=33
𢆉	-	-	-	9.2	-	-	bottom:x=0.50,y=0.51	bottom=82
{73}	-	-	11.2	10.9	-	-	top:x=0.50,y=0.50 bottom:x=0.49,y=0.49	top=60 bottom=21
𫩠	-	-	8.2	-	-	-	top:x=0.50,y=0.46	top=80
自	-	9.4	8.1	-	-	-	right:x=0.49,y=0.49 top:x=0.50,y=0.48	right=6 top=74
氺	-	-	4.1	7.9	-	-	top:x=0.47,y=0.21 bottom:x=0.50,y=0.48	top=28 bottom=53
良	-	9.1	-	12	-	-	right:x=0.52,y=0.49 bottom:x=0.50,y=0.51 inner:x=0.50,y=0.47	bottom=41 right=33 inner=5
鹿	7.2	10.1	-	9.5	⿸4,8,0,0	-	left:x=0.48,y=0.49 right:x=0.49,y=0.50 bottom:x=0.49,y=0.51	right=16 left=10 bottom=20 ⿸=32
風	-	8.9	-	10.1	⿺8,0,0,4	-	right:x=0.50,y=0.52 bottom:x=0.50,y=0.52	right=14 bottom=4 ⿺=61
金	-	10	8	7.9	-	-	right:x=0.51,y=0.48 middle:x=0.50,y=0.47 top:x=0.50,y=0.48 bottom:x=0.50,y=0.49 inner:x=0.46,y=0.43	bottom=55 right=12 top=3 inner=4 middle=4
令	7	9.2	-	8.5	-	-	left:x=0.49,y=0.50 right:x=0.50,y=0.50 bottom:x=0.50,y=0.50 inner:x=0.48,y=0.47	bottom=16 right=48 left=10 inner=4
亡	7.1	9	7.6	10.4	-	-	left:x=0.48,y=0.42 right:x=0.51,y=0.48 top:x=0.50,y=0.43 bottom:x=0.52,y=0.47	top=52 bottom=13 right=10 left=3
元	7	9.5	6	10.1	⿺8,0,0,4	-	left:x=0.49,y=0.52 right:x=0.49,y=0.54 top:x=0.50,y=0.53 bottom:x=0.49,y=0.51 inner:x=0.45,y=0.57	right=23 bottom=30 left=7 top=4 inner=4 ⿺=10
句	7.3	9.1	-	10.9	-	-	left:x=0.46,y=0.49 right:x=0.47,y=0.50 bottom:x=0.46,y=0.49	bottom=20 right=45 left=12
其	7.8	9.4	10.7	11.3	-	-	left:x=0.49,y=0.50 right:x=0.50,y=0.50 top:x=0.50,y=0.49 bottom:x=0.50,y=0.51	left=26 right=31 bottom=5 top=15
巳	6.3	7.1	-	5.9	-	-	left:x=0.53,y=0.51 right:x=0.53,y=0.51 bottom:x=0.48,y=0.51 inner:x=0.74,y=0.43	right=39 bottom=9 left=23 inner=6
𭇁	-	-	8.7	-	-	-	top:x=0.50,y=0.48	top=76
凶	-	9.9	5.5	10	-	-	right:x=0.49,y=0.51 top:x=0.51,y=0.49 bottom:x=0.51,y=0.52	bottom=41 right=6 top=28
马	5.9	9.5	-	8.2	-	-	left:x=0.47,y=0.52 right:x=0.50,y=0.53 bottom:x=0.50,y=0.51	right=13 left=55 bottom=8
龹	-	-	8.5	-	-	-	top:x=0.50,y=0.49	top=75
世	-	9.6	7.8	-	-	-	right:x=0.51,y=0.47 top:x=0.51,y=0.49 inner:x=0.47,y=0.47	top=54 right=18 inner=3
非	-	9.8	8.2	9	-	-	right:x=0.50,y=0.50 top:x=0.50,y=0.49 bottom:x=0.50,y=0.52 inner:x=0.44,y=0.48	bottom=16 right=25 top=22 inner=12
{114}	-	-	8.6	-	-	-	top:x=0.50,y=0.49	top=74
壴	7.6	-	10.9	-	-	-	left:x=0.49,y=0.48 top:x=0.51,y=0.47	left=43 top=31
父	-	8.9	6.5	11.4	-	-	right:x=0.49,y=0.51 top:x=0.50,y=0.49 bottom:x=0.50,y=0.52	right=4 bottom=57 top=13
享	7.6	9.6	-	-	-	-	left:x=0.51,y=0.49 right:x=0.51,y=0.49	left=48 right=26
⿻甲一	-	-	-	10.7	-	-	bottom:x=0.51,y=0.53	bottom=74
分	7.3	9	8.6	8.3	-	-	left:x=0.48,y=0.50 right:x=0.50,y=0.52 top:x=0.51,y=0.50 bottom:x=0.50,y=0.51 inner:x=0.46,y=0.55	top=15 bottom=10 right=41 left=5 inner=3
幸	7.5	9.8	-	10.8	-	-	left:x=0.50,y=0.50 right:x=0.51,y=0.50 bottom:x=0.51,y=0.50	right=10 bottom=37 left=25
⿻𫩏丷	-	-	7.2	-	-	-	top:x=0.49,y=0.47	top=72
𠚕	-	-	-	10.2	-	-	bottom:x=0.49,y=0.51	bottom=71
𠀎	-	-	6.2	-	-	-	middle:x=0.50,y=0.50 top:x=0.51,y=0.48	top=26 middle=45
户	7.2	8.9	-	-	⿸4,8,0,0	-	left:x=0.48,y=0.51 right:x=0.46,y=0.51	left=15 right=12 ⿸=43
少	-	9.5	6.4	8.7	-	-	right:x=0.50,y=0.50 top:x=0.50,y=0.48 bottom:x=0.50,y=0.50	top=9 right=57 bottom=4
手	-	7.8	-	7.5	-	-	left:x=0.49,y=0.51 right:x=0.50,y=0.51 bottom:x=0.50,y=0.51	right=8 bottom=59 left=3
占	6.9	8.2	9	10.9	-	-	left:x=0.54,y=0.48 right:x=0.53,y=0.50 top:x=0.54,y=0.48 bottom:x=0.54,y=0.49 inner:x=0.47,y=0.48	left=8 right=46 top=3 bottom=3 inner=10
爿	5.4	-	-	-	-	-	left:x=0.45,y=0.50	left=69
母	7.5	9.7	-	10.9	-	-	left:x=0.48,y=0.53 right:x=0.51,y=0.52 bottom:x=0.51,y=0.51	right=12 bottom=54 left=3
疋	-	9.5	7.1	9.7	-	-	right:x=0.52,y=0.54 top:x=0.50,y=0.52 bottom:x=0.49,y=0.51	bottom=46 top=20 right=3
韋	6.6	9.7	-	-	-	-	left:x=0.48,y=0.50 right:x=0.51,y=0.50 middle:x=0.51,y=0.48 inner:x=0.44,y=0.52	right=20 left=38 middle=4 inner=6
齒	7.3	-	-	9.2	-	-	left:x=0.49,y=0.49 bottom:x=0.50,y=0.51	bottom=8 left=60
𠕁	-	-	-	8.6	-	-	bottom:x=0.50,y=0.54 inner:x=0.42,y=0.53	bottom=62 inner=5
匃	-	-	-	8.7	-	-	bottom:x=0.47,y=0.48	bottom=67
𤇾	-	-	8.7	-	-	-	top:x=0.50,y=0.48	top=67
屮	-	7.5	7.8	-	-	-	right:x=0.49,y=0.51 top:x=0.50,y=0.49	top=63 right=4
舛	-	-	8.6	8	-	-	top:x=0.50,y=0.50 bottom:x=0.49,y=0.51	bottom=56 top=10
亍	-	4.7	-	-	-	-	right:x=0.52,y=0.53	right=66
支	6.7	7.8	-	-	⿺8,0,0,2	-	left:x=0.49,y=0.49 right:x=0.49,y=0.50 inner:x=0.42,y=0.46	right=55 left=3 inner=4 ⿺=4
身	6.2	9.5	-	-	-	-	left:x=0.50,y=0.50 right:x=0.47,y=0.50	right=7 left=59
㐅	-	-	4.5	-	-	-	middle:x=0.50,y=0.48 top:x=0.49,y=0.51 inner:x=0.47,y=0.51	top=60 middle=3 inner=3
谷	6.8	9.3	-	11.6	-	-	left:x=0.48,y=0.51 right:x=0.51,y=0.51 bottom:x=0.50,y=0.51	left=29 right=19 bottom=18
釆	6.7	-	8.6	-	-	-	left:x=0.48,y=0.51 top:x=0.50,y=0.51	top=58 left=7
果	7.3	9.4	-	11.1	-	-	left:x=0.49,y=0.52 right:x=0.49,y=0.52 bottom:x=0.50,y=0.51	bottom=26 right=33 left=6
{16}	-	-	-	8.2	-	-	bottom:x=0.53,y=0.53	bottom=65
{20}	-	7.6	-	-	-	-	right:x=0.49,y=0.50	right=64
舌	6.7	9	-	10.6	-	-	left:x=0.49,y=0.50 right:x=0.51,y=0.51 bottom:x=0.50,y=0.51 inner:x=0.45,y=0.48	right=33 left=23 bottom=3 inner=5
页	-	7.9	-	-	-	-	right:x=0.48,y=0.53	right=63
此	7.9	10	6.8	7	-	-	left:x=0.51,y=0.48 right:x=0.50,y=0.49 top:x=0.50,y=0.49 bottom:x=0.50,y=0.48 inner:x=0.46,y=0.45	top=37 right=16 left=3 bottom=4 inner=3
⿻⿳一{43}八⿰丨丨	-	-	-	12.5	-	-	bottom:x=0.49,y=0.51	bottom=63
攴	-	7.2	-	-	-	-	right:x=0.48,y=0.50 inner:x=0.36,y=0.56	right=60 inner=3
豸	6.1	-	-	-	-	-	left:x=0.50,y=0.50	left=63
曷	7.9	9.5	-	12	-	-	left:x=0.47,y=0.52 right:x=0.46,y=0.53 bottom:x=0.46,y=0.52	left=9 right=39 bottom=14
癶	-	-	4.7	-	-	-	top:x=0.52,y=0.50	top=62
耒	6	9.3	-	-	-	-	left:x=0.48,y=0.50 right:x=0.50,y=0.50	right=6 left=56
冏	-	9.6	-	7.6	-	-	right:x=0.49,y=0.53 bottom:x=0.50,y=0.52	right=7 bottom=55
瓜	7.1	8.7	-	9.4	⿺8,0,0,4	-	left:x=0.49,y=0.50 right:x=0.49,y=0.50 bottom:x=0.50,y=0.50	right=40 left=9 bottom=7 ⿺=6
门	-	10.3	-	-	⿵3,4,3,0	-	right:x=0.50,y=0.50	right=3 ⿵=59
匚	-	-	-	-	⿷2,3,0,3	-	-	⿷=62
斗	-	7.8	-	8.6	-	-	right:x=0.52,y=0.50 bottom:x=0.50,y=0.50 inner:x=0.47,y=0.46	right=52 bottom=4 inner=5
𰡮	-	-	-	10.7	-	-	bottom:x=0.50,y=0.48	bottom=62
肖	8.9	8.8	-	11.3	-	-	left:x=0.49,y=0.49 right:x=0.50,y=0.50 bottom:x=0.50,y=0.51 inner:x=0.44,y=0.47	left=7 right=41 bottom=5 inner=8
禺	7.5	9.7	-	11.8	-	-	left:x=0.50,y=0.53 right:x=0.49,y=0.52 bottom:x=0.48,y=0.51 inner:x=0.39,y=0.50	bottom=35 right=20 left=3 inner=3
{18}	7.7	-	-	-	-	-	left:x=0.50,y=0.50	left=61
衣	-	9.8	7.3	7.5	-	-	right:x=0.50,y=0.50 top:x=0.49,y=0.47 bottom:x=0.50,y=0.49 inner:x=0.46,y=0.44	right=11 bottom=42 top=4 inner=4
凡	-	8.7	-	9.6	-	-	right:x=0.49,y=0.53 bottom:x=0.50,y=0.53	right=55 bottom=6
召	7.3	9.1	-	10.4	-	-	left:x=0.47,y=0.53 right:x=0.48,y=0.53 bottom:x=0.47,y=0.52 inner:x=0.41,y=0.53	bottom=6 right=42 left=10 inner=3
央	-	9.5	7.1	10.9	-	-	right:x=0.50,y=0.51 top:x=0.50,y=0.52 bottom:x=0.50,y=0.49	bottom=30 right=26 top=4
乃	-	9.2	7.2	6.9	-	-	right:x=0.44,y=0.54 top:x=0.49,y=0.54 bottom:x=0.47,y=0.52 inner:x=0.30,y=0.51	bottom=32 top=16 right=7 inner=4
𡗗	-	-	10.1	-	-	-	top:x=0.51,y=0.49	top=59
多	6.8	9.2	-	11.5	-	-	left:x=0.49,y=0.50 right:x=0.50,y=0.50 bottom:x=0.50,y=0.51 inner:x=0.44,y=0.46	bottom=8 left=12 right=31 inner=7
𰛅	-	9.4	-	-	-	-	right:x=0.49,y=0.44	right=58
吉	6.9	9.1	6.5	-	-	-	left:x=0.50,y=0.49 right:x=0.50,y=0.50 top:x=0.50,y=0.46	left=16 top=11 right=31
𱒃	-	-	-	11.3	-	-	bottom:x=0.49,y=0.53	bottom=58
卑	7.5	9.2	-	8.5	-	-	left:x=0.48,y=0.50 right:x=0.51,y=0.50 bottom:x=0.50,y=0.49 inner:x=0.46,y=0.47	right=42 left=6 bottom=6 inner=4
余	7.9	9.6	9.3	11.4	-	-	left:x=0.50,y=0.50 right:x=0.50,y=0.50 top:x=0.50,y=0.49 bottom:x=0.49,y=0.49 inner:x=0.46,y=0.52	left=12 right=34 bottom=4 top=4 inner=3
生	7	9.2	-	8.5	-	-	left:x=0.49,y=0.47 right:x=0.50,y=0.49 bottom:x=0.50,y=0.49 inner:x=0.43,y=0.54	left=6 bottom=22 right=20 inner=9
炎	7.7	9.3	8	-	-	-	left:x=0.49,y=0.49 right:x=0.49,y=0.50 top:x=0.50,y=0.50 inner:x=0.43,y=0.46	left=14 top=6 right=32 inner=5
奇	7.6	9.3	-	12.1	-	-	left:x=0.48,y=0.50 right:x=0.51,y=0.50 bottom:x=0.50,y=0.51 inner:x=0.47,y=0.48	bottom=5 right=41 left=8 inner=3
几	-	8.8	-	6.9	-	-	right:x=0.46,y=0.53 bottom:x=0.50,y=0.52 inner:x=0.44,y=0.45	bottom=34 right=16 inner=6
台	7.4	9.1	8.6	-	-	-	left:x=0.51,y=0.49 right:x=0.51,y=0.50 top:x=0.51,y=0.48 inner:x=0.45,y=0.49	right=36 left=6 top=10 inner=5
⿰⺝刂	-	-	-	10.8	-	-	bottom:x=0.50,y=0.52	bottom=56
也	-	9.3	-	11.1	-	-	right:x=0.50,y=0.49 bottom:x=0.51,y=0.50 inner:x=0.44,y=0.45	bottom=20 right=33 inner=3
⿵冂⿱丷丅	-	-	-	8.6	-	-	bottom:x=0.50,y=0.54	bottom=56
夭	-	9.2	8.7	10.1	-	-	right:x=0.49,y=0.51 top:x=0.50,y=0.50 bottom:x=0.50,y=0.50	right=20 top=30 bottom=6
辰	7.8	9.6	-	8.9	⿸2,10,0,0	-	left:x=0.50,y=0.53 right:x=0.49,y=0.53 bottom:x=0.49,y=0.53	right=20 left=5 bottom=20 ⿸=10
虎	7.4	9.3	-	-	⿺10,0,0,4	-	left:x=0.48,y=0.49 right:x=0.49,y=0.50 inner:x=0.45,y=0.46	right=31 left=10 inner=6 ⿺=8
青	7.1	9.5	-	11.7	-	-	left:x=0.50,y=0.50 right:x=0.51,y=0.50 bottom:x=0.50,y=0.49	left=17 right=35 bottom=3
⿻⿰丿亅八	-	-	-	8.8	-	-	bottom:x=0.49,y=0.48	bottom=55
甘	7	8.9	7.8	8	-	-	left:x=0.48,y=0.49 right:x=0.51,y=0.50 top:x=0.51,y=0.48 bottom:x=0.50,y=0.52 inner:x=0.48,y=0.49	top=13 right=26 left=8 bottom=5 inner=3
高	7.3	9.8	9.6	11.2	-	-	left:x=0.50,y=0.50 right:x=0.50,y=0.50 top:x=0.50,y=0.48 bottom:x=0.50,y=0.48	top=9 left=14 bottom=7 right=25
包	-	9	-	8.5	-	-	right:x=0.49,y=0.49 bottom:x=0.50,y=0.48 inner:x=0.44,y=0.53	right=41 bottom=8 inner=6
必	7.8	9.3	8.7	10.8	-	-	left:x=0.48,y=0.49 right:x=0.49,y=0.50 top:x=0.51,y=0.48 bottom:x=0.50,y=0.49 inner:x=0.46,y=0.44	bottom=16 right=25 top=6 left=3 inner=4
具	-	9.8	-	11.5	-	-	right:x=0.48,y=0.52 bottom:x=0.50,y=0.51	bottom=48 right=6
交	7.4	9	-	11.2	-	-	left:x=0.50,y=0.49 right:x=0.51,y=0.50 bottom:x=0.50,y=0.51	right=38 bottom=4 left=12
龍	-	10.4	9	10.3	-	-	right:x=0.51,y=0.50 top:x=0.50,y=0.48 bottom:x=0.50,y=0.51	bottom=10 top=14 right=30
𭥴	-	-	-	13.1	-	-	bottom:x=0.49,y=0.50	bottom=54
不	-	9.5	8.1	9.4	-	-	right:x=0.50,y=0.53 top:x=0.50,y=0.53 bottom:x=0.50,y=0.53 inner:x=0.46,y=0.54	top=30 bottom=4 right=17 inner=3
云	6.9	9.4	-	5.4	-	-	left:x=0.51,y=0.47 right:x=0.50,y=0.54 bottom:x=0.50,y=0.53 inner:x=0.48,y=0.52	bottom=26 left=7 right=16 inner=4
彑	-	-	6.3	-	-	-	top:x=0.51,y=0.48	top=53
刃	-	8.8	7.9	-	-	-	left:x=0.49,y=0.55 right:x=0.46,y=0.54 top:x=0.50,y=0.54	right=36 top=10 left=7
兼	8.3	10	-	12.1	-	-	left:x=0.50,y=0.50 right:x=0.49,y=0.50 bottom:x=0.50,y=0.51 inner:x=0.46,y=0.46	left=7 right=35 bottom=3 inner=8
咅	7.6	9.3	-	10.9	-	-	left:x=0.49,y=0.49 right:x=0.51,y=0.50 bottom:x=0.50,y=0.48 inner:x=0.46,y=0.49	right=32 left=13 bottom=3 inner=5
票	8	9.7	-	11.5	-	-	left:x=0.48,y=0.53 right:x=0.50,y=0.52 bottom:x=0.50,y=0.51 inner:x=0.45,y=0.50	right=33 left=12 bottom=3 inner=4
酋	8	9.6	9.8	-	-	-	left:x=0.50,y=0.49 right:x=0.51,y=0.50 top:x=0.50,y=0.49	top=31 right=18 left=3
出	7.3	9	6.5	7.5	-	-	left:x=0.51,y=0.47 right:x=0.49,y=0.50 top:x=0.52,y=0.47 bottom:x=0.50,y=0.51 inner:x=0.45,y=0.47	right=26 bottom=8 left=5 top=6 inner=7
婁	8.2	9.6	-	12.1	-	-	left:x=0.51,y=0.49 right:x=0.50,y=0.50 bottom:x=0.50,y=0.49 inner:x=0.45,y=0.47	right=32 bottom=5 left=11 inner=4
夗	-	-	7.9	11.2	-	-	top:x=0.50,y=0.48 bottom:x=0.50,y=0.51	top=12 bottom=40
𠅃	-	-	8.3	-	-	-	top:x=0.50,y=0.51	top=52
丛	-	-	9	-	-	-	-	top=52
𤴓	-	-	-	8.7	-	-	bottom:x=0.49,y=0.53	bottom=52
俞	8.1	9.8	-	-	-	-	left:x=0.49,y=0.50 right:x=0.51,y=0.50 inner:x=0.46,y=0.53	left=7 right=37 inner=7
番	7.4	9.6	-	12.2	-	-	left:x=0.49,y=0.50 right:x=0.50,y=0.50 bottom:x=0.50,y=0.50	bottom=11 right=34 left=6
𢆶	-	-	9.8	10.9	-	-	top:x=0.51,y=0.50 bottom:x=0.51,y=0.50	bottom=27 top=24
昜	-	9.6	-	11.9	-	-	right:x=0.49,y=0.52 bottom:x=0.50,y=0.51 inner:x=0.45,y=0.55	right=41 bottom=5 inner=5
饣	5.6	-	-	-	-	-	left:x=0.48,y=0.49	left=51
氏	-	8.9	8.3	-	-	-	right:x=0.52,y=0.51 top:x=0.51,y=0.47 inner:x=0.49,y=0.49	top=28 right=20 inner=3
正	6.8	9.3	6.2	9.3	-	-	left:x=0.49,y=0.49 right:x=0.50,y=0.52 top:x=0.51,y=0.54 bottom:x=0.50,y=0.51	bottom=14 top=14 left=7 right=16
𧰨	-	-	-	8.8	-	-	bottom:x=0.51,y=0.47	bottom=50
厸	-	-	-	7.4	-	-	bottom:x=0.50,y=0.50	bottom=50
翏	8.2	9.8	-	12.2	-	-	left:x=0.48,y=0.52 right:x=0.51,y=0.52 bottom:x=0.50,y=0.51 inner:x=0.47,y=0.49	right=34 bottom=3 left=8 inner=5
⿹勹䶹	-	-	-	-	-	-	top:x=0.48,y=0.50 bottom:x=0.48,y=0.48	top=25 bottom=25
𠀐	-	-	6.2	-	-	-	top:x=0.50,y=0.45	top=50
⿻⿱⿻口一口丨	-	-	8.8	-	-	-	top:x=0.51,y=0.48	top=50
䶹	7.5	-	4	11	-	-	left:x=0.49,y=0.50 top:x=0.52,y=0.47 bottom:x=0.47,y=0.48	top=8 bottom=37 left=4
京	7.6	9.6	-	9.9	-	-	left:x=0.49,y=0.50 right:x=0.49,y=0.49 bottom:x=0.48,y=0.51	bottom=8 left=14 right=27
{42}	-	-	6.9	-	-	-	top:x=0.51,y=0.48	top=49
單	7.9	9.5	-	11.8	-	-	left:x=0.49,y=0.52 right:x=0.51,y=0.52 bottom:x=0.50,y=0.52 inner:x=0.54,y=0.48	right=33 left=8 bottom=3 inner=5
卉	-	-	5.8	10.9	-	-	top:x=0.51,y=0.47 bottom:x=0.50,y=0.51	top=42 bottom=7
上	-	-	6.9	-	-	-	top:x=0.50,y=0.48	top=49
冉	-	9.4	-	8.8	-	-	right:x=0.51,y=0.50 bottom:x=0.50,y=0.49	bottom=34 right=15
乍	-	9.2	-	9.3	-	-	right:x=0.49,y=0.50 bottom:x=0.50,y=0.50 inner:x=0.45,y=0.48	right=36 bottom=8 inner=5
气	7.9	9.6	-	-	⿹0,6,4,0	-	left:x=0.48,y=0.47 right:x=0.51,y=0.49	right=7 left=4 ⿹=37
民	7.8	9.5	8.8	10.6	-	-	left:x=0.52,y=0.52 right:x=0.52,y=0.52 top:x=0.52,y=0.52 bottom:x=0.54,y=0.51	top=17 left=9 right=19 bottom=3
有	6.6	9.3	-	11.1	-	-	left:x=0.46,y=0.49 right:x=0.49,y=0.50 bottom:x=0.49,y=0.49 inner:x=0.45,y=0.49	right=22 left=8 bottom=14 inner=4
兆	7.7	9.6	-	8.7	-	-	left:x=0.49,y=0.50 right:x=0.50,y=0.51 bottom:x=0.51,y=0.51 inner:x=0.45,y=0.51	right=34 bottom=8 left=3 inner=3
𡰪	7	-	-	-	-	-	left:x=0.47,y=0.52	left=48
夾	7.9	9.7	10	10.8	-	-	left:x=0.50,y=0.49 right:x=0.49,y=0.50 top:x=0.47,y=0.45 bottom:x=0.50,y=0.49 inner:x=0.47,y=0.53	left=7 right=26 top=6 bottom=5 inner=4
㐭	-	-	8.4	-	-	-	top:x=0.50,y=0.46	top=48
是	-	9.7	-	11.1	⿺8,0,0,2	-	right:x=0.48,y=0.52 bottom:x=0.50,y=0.51	right=36 bottom=3 ⿺=8
黄	7.7	9.7	-	-	-	-	left:x=0.48,y=0.50 right:x=0.50,y=0.50 inner:x=0.46,y=0.47	right=26 left=14 inner=7
⿰田田	-	-	-	7.6	-	-	bottom:x=0.50,y=0.54	bottom=47
㓞	-	-	7.9	-	-	-	top:x=0.49,y=0.50	top=47
我	-	9.8	-	8.4	-	-	right:x=0.51,y=0.50 bottom:x=0.51,y=0.52	bottom=28 right=19
{7}	-	-	9.7	-	-	-	top:x=0.52,y=0.51	top=47
枼	-	9.9	-	12	-	-	right:x=0.50,y=0.51 bottom:x=0.50,y=0.50	bottom=10 right=37
内	-	8.9	-	10.1	⿵7,4,3,0	-	right:x=0.49,y=0.52 bottom:x=0.50,y=0.48	right=27 bottom=17 ⿵=3
勺	-	8.6	-	-	-	-	right:x=0.46,y=0.50 inner:x=0.35,y=0.55	right=44 inner=3
片	5.4	7.5	-	-	-	-	left:x=0.47,y=0.50 right:x=0.51,y=0.54	right=16 left=31
卒	7.5	9.6	-	9.1	-	-	left:x=0.49,y=0.50 right:x=0.51,y=0.50 bottom:x=0.50,y=0.50	bottom=14 left=3 right=30
玄	6.7	9.2	8.5	-	-	-	left:x=0.51,y=0.46 right:x=0.51,y=0.49 top:x=0.50,y=0.47	top=12 right=30 left=4
牙	8	9.3	-	8.9	-	-	left:x=0.46,y=0.53 right:x=0.50,y=0.52 bottom:x=0.49,y=0.52 inner:x=0.45,y=0.53	right=18 left=14 bottom=8 inner=6
{58}	7	-	-	-	-	-	left:x=0.52,y=0.46	left=46
軍	7.4	9.6	-	10.3	-	-	left:x=0.49,y=0.53 right:x=0.51,y=0.52 bottom:x=0.50,y=0.52 inner:x=0.44,y=0.56	right=32 bottom=7 left=4 inner=3
并	7.1	9.2	-	-	-	-	left:x=0.49,y=0.50 right:x=0.50,y=0.50 inner:x=0.45,y=0.46	left=9 right=31 inner=6
勹	-	-	-	-	⿹0,4,4,0	-	-	⿹=46
𪢴	-	-	-	7.9	-	-	bottom:x=0.51,y=0.48	bottom=46
亏	-	9.2	-	7.9	-	-	right:x=0.51,y=0.53 bottom:x=0.50,y=0.53	bottom=35 right=10
品	-	9.8	8.2	11.2	-	-	right:x=0.49,y=0.52 top:x=0.51,y=0.52 bottom:x=0.51,y=0.51 inner:x=0.37,y=0.42	top=35 bottom=4 right=3 inner=3
𫶧	-	-	-	9.2	-	-	bottom:x=0.49,y=0.52	bottom=45
昔	7.6	9	-	-	-	-	left:x=0.49,y=0.50 right:x=0.51,y=0.50 inner:x=0.46,y=0.48	right=32 left=8 inner=5
真	7.5	9.7	-	11.3	-	-	left:x=0.48,y=0.49 right:x=0.50,y=0.50 bottom:x=0.50,y=0.49 inner:x=0.46,y=0.46	right=26 bottom=5 left=9 inner=5
𠣜	-	-	-	10.8	-	-	bottom:x=0.46,y=0.49	bottom=45
⿰{58}刀	-	-	7.6	-	-	-	top:x=0.49,y=0.48	top=44
昚	-	-	10.6	-	-	-	top:x=0.50,y=0.49	top=44
旲	-	-	-	11.4	-	-	bottom:x=0.50,y=0.52	bottom=44
𠂤	6.3	8.8	9.6	11	-	-	left:x=0.54,y=0.49 right:x=0.49,y=0.50 top:x=0.51,y=0.49 bottom:x=0.48,y=0.50 inner:x=0.47,y=0.48	bottom=6 left=22 top=10 right=3 inner=3
厽	-	-	6.9	-	-	-	top:x=0.50,y=0.50	top=44
扁	7.5	10.1	-	-	-	-	left:x=0.47,y=0.51 right:x=0.46,y=0.50 inner:x=0.41,y=0.50	left=7 right=33 inner=4
僉	7.8	9.7	-	-	-	-	left:x=0.50,y=0.50 right:x=0.50,y=0.50 inner:x=0.46,y=0.46	left=13 right=27 inner=4
⿱一朩	-	-	-	10.4	-	-	bottom:x=0.50,y=0.51	bottom=44
尃	-	9.6	-	12.2	-	-	right:x=0.51,y=0.50 bottom:x=0.51,y=0.50	right=39 bottom=5
九	6.2	8.9	7.2	8.3	⿺6,0,0,4	-	left:x=0.52,y=0.47 right:x=0.48,y=0.50 top:x=0.51,y=0.50 bottom:x=0.51,y=0.51	right=21 bottom=8 left=5 top=5 ⿺=5
光	6.2	9.8	-	9.2	⿺8,0,0,4	-	left:x=0.47,y=0.50 right:x=0.49,y=0.50 bottom:x=0.49,y=0.50	left=5 bottom=13 right=22 ⿺=4
弗	8.3	10.1	7.8	10.9	-	-	left:x=0.48,y=0.50 right:x=0.50,y=0.50 top:x=0.50,y=0.48 bottom:x=0.50,y=0.51 inner:x=0.47,y=0.48	left=4 bottom=6 top=10 right=21 inner=3
垚	-	-	9.5	-	-	-	top:x=0.51,y=0.47	top=44
尞	7.7	9.8	-	12.8	-	-	left:x=0.50,y=0.49 right:x=0.50,y=0.50 bottom:x=0.50,y=0.51 inner:x=0.46,y=0.47	right=29 left=3 bottom=8 inner=4
己	5.9	8.3	8.1	9.6	-	-	left:x=0.51,y=0.50 right:x=0.53,y=0.52 top:x=0.53,y=0.52 bottom:x=0.53,y=0.52	top=8 bottom=14 right=17 left=4
⿱乛耳	7.4	-	-	-	-	-	left:x=0.46,y=0.49	left=43
夋	6.9	9.7	-	-	-	-	left:x=0.51,y=0.50 right:x=0.50,y=0.49 inner:x=0.44,y=0.53	left=3 right=37 inner=3
隻	-	9.6	-	12.2	-	-	right:x=0.49,y=0.49 bottom:x=0.50,y=0.50	bottom=36 right=7
氐	7.5	9.4	-	-	-	-	left:x=0.51,y=0.49 right:x=0.52,y=0.51 inner:x=0.49,y=0.50	left=5 right=32 inner=6
亢	7.2	9.3	-	-	-	-	left:x=0.50,y=0.49 right:x=0.48,y=0.49 inner:x=0.47,y=0.48	left=7 right=31 inner=5
周	8.4	10	-	8.7	-	-	left:x=0.48,y=0.52 right:x=0.45,y=0.52 bottom:x=0.46,y=0.52	left=7 right=32 bottom=4
畐	7	9.1	-	11.7	-	-	left:x=0.49,y=0.53 right:x=0.50,y=0.53 bottom:x=0.50,y=0.51 inner:x=0.64,y=0.43	left=5 bottom=7 right=28 inner=3
爾	-	9.9	9.2	11.6	-	-	right:x=0.50,y=0.52 top:x=0.50,y=0.51 bottom:x=0.50,y=0.51 inner:x=0.46,y=0.55	right=31 top=5 bottom=3 inner=3
⺀	-	-	-	6	-	-	bottom:x=0.50,y=0.49	bottom=42
于	-	9	-	10	-	-	right:x=0.52,y=0.53 bottom:x=0.50,y=0.51 inner:x=0.47,y=0.56	right=30 bottom=7 inner=5
每	7.9	9.8	-	-	-	-	left:x=0.49,y=0.48 right:x=0.51,y=0.49	right=26 left=16
𫝀	-	-	6	-	-	-	top:x=0.48,y=0.53	top=42
奄	8.1	9.9	-	11.7	-	-	left:x=0.48,y=0.48 right:x=0.50,y=0.49 bottom:x=0.50,y=0.48 inner:x=0.48,y=0.45	right=27 left=5 bottom=3 inner=7
𫠤	7.7	-	-	-	-	-	left:x=0.49,y=0.50	left=42
𠱠	-	-	-	5	-	-	middle:x=0.50,y=0.47 bottom:x=0.50,y=0.50	bottom=21 middle=21
左	-	9.6	7.2	-	-	-	right:x=0.47,y=0.49 top:x=0.47,y=0.45	top=38 right=4
艮	-	9	9.3	-	-	-	right:x=0.51,y=0.52 top:x=0.55,y=0.50 inner:x=0.50,y=0.51	right=33 top=4 inner=5
亘	-	9.6	-	10.9	-	-	right:x=0.50,y=0.51 bottom:x=0.50,y=0.49	bottom=24 right=18
虍	-	-	-	-	⿸4,8,0,0	-	-	⿸=42
㠯	-	8.5	-	10.8	-	-	right:x=0.49,y=0.53 bottom:x=0.51,y=0.51	right=5 bottom=37
辟	-	10.7	8.3	11.7	-	-	right:x=0.50,y=0.50 top:x=0.49,y=0.50 bottom:x=0.49,y=0.51 inner:x=0.46,y=0.46	bottom=3 right=15 top=20 inner=4
告	7.4	9.4	-	9.9	-	-	left:x=0.48,y=0.50 right:x=0.51,y=0.50 bottom:x=0.50,y=0.51 inner:x=0.46,y=0.55	right=27 left=7 bottom=4 inner=3
區	8	9.7	-	10.6	-	-	left:x=0.48,y=0.50 right:x=0.51,y=0.51 bottom:x=0.52,y=0.50	bottom=5 right=30 left=7
布	-	9.9	-	10.8	-	-	right:x=0.49,y=0.50 bottom:x=0.49,y=0.48	right=11 bottom=30
𱔞	-	-	-	12.6	-	-	bottom:x=0.50,y=0.52	bottom=41
亥	7.5	9.3	-	-	-	-	left:x=0.49,y=0.49 right:x=0.49,y=0.50 inner:x=0.45,y=0.46	right=30 left=7 inner=4
蜀	8.3	9.6	-	12.7	-	-	left:x=0.48,y=0.52 right:x=0.47,y=0.52 bottom:x=0.43,y=0.52	right=21 bottom=15 left=5
五	-	10.6	8.6	-	-	-	right:x=0.51,y=0.52 top:x=0.51,y=0.49	right=3 top=38
{71}	7.5	-	-	-	-	-	left:x=0.52,y=0.52	left=40
录	7.9	9.2	-	11.1	-	-	left:x=0.48,y=0.49 right:x=0.50,y=0.50 bottom:x=0.50,y=0.51 inner:x=0.45,y=0.51	right=28 bottom=6 left=4 inner=3
咸	-	10.2	10.2	11.7	-	-	right:x=0.50,y=0.50 top:x=0.50,y=0.50 bottom:x=0.50,y=0.50	top=12 right=23 bottom=5
呑	-	-	8	-	-	-	top:x=0.50,y=0.47	top=40
鬲	7.3	9.6	-	9.2	-	-	left:x=0.50,y=0.53 right:x=0.50,y=0.52 bottom:x=0.50,y=0.52	right=17 bottom=8 left=16
㐫	-	10.2	7.5	-	-	-	right:x=0.50,y=0.50 top:x=0.51,y=0.48	top=37 right=3
未	7.4	9.8	-	11	-	-	left:x=0.49,y=0.49 right:x=0.49,y=0.50 bottom:x=0.50,y=0.48	bottom=20 right=15 left=5
貴	-	9.8	-	11.9	-	-	right:x=0.49,y=0.50 bottom:x=0.50,y=0.49 inner:x=0.45,y=0.51	right=28 bottom=3 inner=9
壬	-	9.9	-	9.2	-	-	right:x=0.50,y=0.53 bottom:x=0.50,y=0.46	right=36 bottom=4
{55}	-	-	-	-	⿸4,6,0,0	-	-	⿸=40
䖵	-	-	-	6.9	-	-	bottom:x=0.50,y=0.51	bottom=40
乞	-	8.8	-	-	-	-	right:x=0.50,y=0.49 inner:x=0.45,y=0.42	right=36 inner=4
麥	7.3	9.3	-	9.2	-	-	left:x=0.50,y=0.50 right:x=0.50,y=0.50 bottom:x=0.50,y=0.48	right=3 bottom=3 left=34
重	8	9.4	-	12.1	-	-	left:x=0.50,y=0.48 right:x=0.50,y=0.49 bottom:x=0.50,y=0.48	left=9 right=26 bottom=4
委	7.1	9.6	-	10.7	-	-	left:x=0.49,y=0.51 right:x=0.51,y=0.51 bottom:x=0.50,y=0.50 inner:x=0.46,y=0.53	right=25 bottom=4 left=8 inner=3
䀠	-	-	6.1	-	-	-	top:x=0.51,y=0.52	top=39
乇	-	8.8	-	10.8	-	-	right:x=0.50,y=0.50 bottom:x=0.51,y=0.50 inner:x=0.47,y=0.47	right=22 bottom=14 inner=3
⿱从龰	-	10.5	-	-	-	-	right:x=0.49,y=0.50	right=39
㡀	7.6	9.5	-	10.8	-	-	left:x=0.54,y=0.49 right:x=0.48,y=0.49 bottom:x=0.49,y=0.49	right=3 left=32 bottom=4
堯	-	9.9	-	-	-	-	left:x=0.47,y=0.50 right:x=0.49,y=0.50 inner:x=0.45,y=0.53	right=33 left=3 inner=3
昆	-	9.3	-	11.5	-	-	right:x=0.52,y=0.52 bottom:x=0.50,y=0.51	right=33 bottom=6
𨾴	-	-	-	11.9	-	-	bottom:x=0.48,y=0.51	bottom=39
囬	-	-	-	11.3	-	-	bottom:x=0.51,y=0.50	bottom=38
次	-	10	7.4	8	-	-	right:x=0.50,y=0.51 top:x=0.50,y=0.49 bottom:x=0.50,y=0.51	top=26 bottom=7 right=5
{26}	-	-	8	-	-	-	top:x=0.50,y=0.48	top=38
禸	-	-	-	7.5	-	-	bottom:x=0.49,y=0.49	bottom=38
食	-	9.3	-	9.2	-	-	right:x=0.50,y=0.50 bottom:x=0.50,y=0.48 inner:x=0.46,y=0.46	bottom=26 right=9 inner=3
登	8.1	10	-	10.7	-	-	left:x=0.49,y=0.49 right:x=0.51,y=0.48 bottom:x=0.50,y=0.48	left=7 right=25 bottom=6
兟	-	-	6.8	-	-	-	top:x=0.50,y=0.50	top=38
屯	6.9	9	-	-	-	-	left:x=0.51,y=0.48 right:x=0.52,y=0.50 inner:x=0.46,y=0.49	right=29 left=5 inner=4
巨	-	9	-	-	-	-	right:x=0.51,y=0.51	right=38
曾	7.5	9.3	-	10.8	-	-	left:x=0.52,y=0.49 right:x=0.48,y=0.49 bottom:x=0.49,y=0.50	left=6 right=28 bottom=4
曲	-	10	6.3	10.8	-	-	right:x=0.49,y=0.51 top:x=0.51,y=0.45 bottom:x=0.50,y=0.51	right=5 top=30 bottom=3
足	-	9.3	-	7.4	-	-	right:x=0.49,y=0.52 bottom:x=0.50,y=0.52	bottom=23 right=15
赤	7.2	9.9	-	-	-	-	left:x=0.48,y=0.50 right:x=0.50,y=0.50 inner:x=0.45,y=0.53	right=12 left=23 inner=3
朋	8.1	10.6	-	10.7	-	-	left:x=0.47,y=0.52 right:x=0.45,y=0.52 bottom:x=0.46,y=0.53	right=16 left=3 bottom=18
𱼀	7.4	-	7.7	-	-	-	left:x=0.50,y=0.49 top:x=0.47,y=0.48	top=28 left=9
丌	-	-	-	7.7	-	-	bottom:x=0.50,y=0.57	bottom=37
加	-	10.4	6.9	5.2	-	-	right:x=0.45,y=0.50 top:x=0.47,y=0.49 bottom:x=0.46,y=0.51 inner:x=0.43,y=0.46	top=18 right=12 bottom=4 inner=3
敖	-	10.6	7.8	-	-	-	right:x=0.49,y=0.50 top:x=0.50,y=0.49 inner:x=0.46,y=0.47	right=13 top=20 inner=4
{87}	-	-	8.4	-	-	-	top:x=0.51,y=0.51	top=37
旁	7.6	9.8	-	11.7	-	-	left:x=0.49,y=0.50 right:x=0.50,y=0.50 bottom:x=0.50,y=0.51	right=31 left=3 bottom=3
宛	7.9	9.9	9.3	-	-	-	left:x=0.48,y=0.49 right:x=0.50,y=0.50 top:x=0.50,y=0.48	right=31 top=3 left=3
{44}	-	-	6.5	-	-	-	top:x=0.51,y=0.51	top=37
犮	-	9.1	-	8.2	-	-	right:x=0.48,y=0.50 bottom:x=0.50,y=0.50	right=34 bottom=3
雚	7.9	9.9	-	-	-	-	left:x=0.48,y=0.50 right:x=0.49,y=0.50	right=27 left=9
⿻{43}亅	-	-	-	10.2	-	-	bottom:x=0.51,y=0.51	bottom=36
喬	8.1	9.7	-	10.7	-	-	left:x=0.50,y=0.51 right:x=0.50,y=0.51 bottom:x=0.50,y=0.48 inner:x=0.46,y=0.51	bottom=3 left=5 right=25 inner=3
畾	-	10	8.2	11.6	-	-	right:x=0.49,y=0.52 top:x=0.50,y=0.51 bottom:x=0.50,y=0.52	top=22 right=12 bottom=3
參	8.2	10	-	12.2	-	-	left:x=0.47,y=0.50 right:x=0.51,y=0.50 bottom:x=0.50,y=0.49 inner:x=0.47,y=0.53	left=4 right=25 bottom=4 inner=3
同	-	9.1	-	9.4	-	-	right:x=0.50,y=0.53 bottom:x=0.50,y=0.52	right=30 bottom=6
百	7.3	9.6	-	-	-	-	left:x=0.48,y=0.52 right:x=0.50,y=0.53 inner:x=0.43,y=0.58	left=4 right=29 inner=3
粦	8.8	9.9	-	-	-	-	left:x=0.48,y=0.50 right:x=0.50,y=0.50	left=7 right=29
亶	7.7	9.7	-	12	-	-	left:x=0.49,y=0.48 right:x=0.50,y=0.48 bottom:x=0.50,y=0.49	left=8 right=25 bottom=3
⿰臣⿱𠂉丶	-	-	8.6	-	-	-	top:x=0.52,y=0.47	top=36
⿱𠂉丶	-	6.9	-	-	-	-	right:x=0.47,y=0.42	right=36
付	-	9.6	7.6	10.4	-	-	right:x=0.49,y=0.50 top:x=0.49,y=0.49 bottom:x=0.49,y=0.51 inner:x=0.46,y=0.46	top=4 right=25 bottom=3 inner=4
右	-	9.9	-	10.6	-	-	right:x=0.46,y=0.50 bottom:x=0.49,y=0.49	bottom=32 right=4
童	7.9	9.9	-	12	-	-	left:x=0.50,y=0.49 right:x=0.51,y=0.48 bottom:x=0.50,y=0.47	right=28 left=5 bottom=3
需	7.8	9.7	-	-	-	-	left:x=0.50,y=0.52 right:x=0.51,y=0.52	right=32 left=4
莫	-	9.9	12.4	-	-	-	right:x=0.49,y=0.50 top:x=0.50,y=0.49	top=12 right=24
尤	-	8.1	5.7	-	-	-	right:x=0.48,y=0.50 top:x=0.49,y=0.48	right=32 top=3
⿲丿二丨	-	-	-	7	-	-	bottom:x=0.43,y=0.52	bottom=35
弋	-	9.4	5.2	-	⿹0,4,6,0	-	right:x=0.50,y=0.49 top:x=0.51,y=0.53	right=24 top=3 ⿹=8
坴	7.5	9.8	-	-	-	-	left:x=0.49,y=0.48 right:x=0.50,y=0.48	right=11 left=24
聿	-	9.8	-	11.1	-	-	right:x=0.51,y=0.50 bottom:x=0.50,y=0.50 inner:x=0.44,y=0.53	right=22 bottom=6 inner=7
巠	7.7	9.5	-	-	-	-	left:x=0.49,y=0.51 right:x=0.50,y=0.51 inner:x=0.47,y=0.48	right=25 left=7 inner=3
电	-	-	-	10.7	-	-	bottom:x=0.55,y=0.50	bottom=35
戔	-	9.1	-	-	-	-	right:x=0.51,y=0.50	right=35
丂	-	8.8	-	7.7	-	-	right:x=0.50,y=0.53 bottom:x=0.49,y=0.52	bottom=25 right=10
面	7.2	9.7	-	-	-	-	left:x=0.50,y=0.52 right:x=0.51,y=0.53 inner:x=0.48,y=0.46	right=14 left=18 inner=3
丘	-	9.4	10.7	-	-	-	right:x=0.51,y=0.49 top:x=0.50,y=0.49	top=26 right=9
或	-	9.6	8.9	10.6	-	-	right:x=0.51,y=0.50 top:x=0.50,y=0.49 bottom:x=0.51,y=0.50 inner:x=0.50,y=0.49	right=19 bottom=4 top=3 inner=8
秋	-	10.6	7.8	10.6	-	-	right:x=0.50,y=0.50 top:x=0.49,y=0.49 bottom:x=0.50,y=0.51	top=14 right=17 bottom=3
{17}	8.3	-	-	-	-	-	left:x=0.47,y=0.47	left=34
𢎨	-	-	-	12.5	-	-	bottom:x=0.47,y=0.51	bottom=34
它	-	8.5	-	-	-	-	right:x=0.52,y=0.49 inner:x=0.46,y=0.50	right=31 inner=3
乡	5.5	-	-	-	-	-	left:x=0.51,y=0.50	left=34
冘	7	9.2	-	-	-	-	left:x=0.49,y=0.49 right:x=0.48,y=0.50	right=27 left=7
章	7.4	9.9	-	-	-	-	left:x=0.49,y=0.49 right:x=0.51,y=0.50 inner:x=0.46,y=0.47	left=13 right=17 inner=4
從	-	10.4	7.6	11.2	-	-	right:x=0.50,y=0.50 top:x=0.50,y=0.48 bottom:x=0.50,y=0.51 inner:x=0.45,y=0.46	right=20 top=6 bottom=4 inner=4
叕	8.7	9.9	-	10.2	-	-	left:x=0.50,y=0.51 right:x=0.49,y=0.52 bottom:x=0.50,y=0.51	right=24 bottom=3 left=7
買	-	10.3	-	11.4	-	-	right:x=0.48,y=0.53 bottom:x=0.49,y=0.52	right=4 bottom=30
𦥔	-	-	8.1	-	-	-	top:x=0.50,y=0.46	top=34
思	-	9.5	-	10.8	-	-	right:x=0.50,y=0.51 bottom:x=0.50,y=0.51 inner:x=0.45,y=0.43	bottom=6 right=20 inner=8
甚	8.2	9.6	-	-	-	-	left:x=0.49,y=0.47 right:x=0.51,y=0.48	left=14 right=20
皇	6.9	9.5	-	-	-	-	left:x=0.50,y=0.47 right:x=0.49,y=0.48 inner:x=0.43,y=0.48	right=27 left=3 inner=4
见	-	8.4	-	9.9	-	-	right:x=0.48,y=0.52 bottom:x=0.50,y=0.52	right=24 bottom=10
⿱士冖	-	-	7.4	-	-	-	top:x=0.50,y=0.48	top=34
吾	7.4	9.5	-	-	-	-	left:x=0.48,y=0.52 right:x=0.51,y=0.52 inner:x=0.48,y=0.51	right=27 left=3 inner=4
焦	7.8	10.2	-	12	-	-	left:x=0.48,y=0.49 right:x=0.50,y=0.50 bottom:x=0.49,y=0.50	left=5 right=23 bottom=6
香	6.7	9.6	-	8.2	-	-	left:x=0.48,y=0.49 right:x=0.50,y=0.51 bottom:x=0.50,y=0.51 inner:x=0.46,y=0.44	bottom=4 right=5 left=22 inner=3
盍	-	9.6	-	11.8	-	-	right:x=0.50,y=0.48 bottom:x=0.50,y=0.47 inner:x=0.46,y=0.44	right=18 bottom=10 inner=6
𭕄	-	-	5.8	-	-	-	top:x=0.50,y=0.53	top=33
鼠	7.7	-	-	10.5	-	-	left:x=0.53,y=0.50 bottom:x=0.52,y=0.50	left=29 bottom=4
介	-	9.2	-	6.4	-	-	right:x=0.50,y=0.50 bottom:x=0.48,y=0.51 inner:x=0.46,y=0.48	bottom=7 right=22 inner=5
彖	-	9.8	9.3	-	-	-	right:x=0.50,y=0.50 top:x=0.51,y=0.50	right=24 top=9
⿵冂古	-	-	-	10.8	-	-	bottom:x=0.50,y=0.51	bottom=33
取	-	10.4	7.4	11	-	-	right:x=0.52,y=0.53 top:x=0.50,y=0.54 bottom:x=0.51,y=0.51	top=14 right=15 bottom=4
老	-	9.5	8.8	-	-	-	right:x=0.48,y=0.49 top:x=0.49,y=0.47	top=16 right=17
瞿	8.2	10.4	10.9	-	-	-	left:x=0.48,y=0.52 right:x=0.48,y=0.52 top:x=0.48,y=0.51	right=14 top=16 left=3
⿻口龶	-	-	-	10.8	-	-	bottom:x=0.50,y=0.47	bottom=33
朿	9.2	9.6	-	11	-	-	left:x=0.48,y=0.50 right:x=0.48,y=0.50 bottom:x=0.50,y=0.50 inner:x=0.46,y=0.46	bottom=7 right=11 left=12 inner=3
申	6	9	-	11.7	-	-	left:x=0.51,y=0.50 right:x=0.49,y=0.50 bottom:x=0.50,y=0.51 inner:x=0.45,y=0.53	bottom=5 right=21 left=4 inner=3
冬	7	9.2	-	9.8	-	-	left:x=0.50,y=0.48 right:x=0.50,y=0.50 bottom:x=0.50,y=0.49 inner:x=0.47,y=0.45	right=21 bottom=5 left=3 inner=4
离	7.7	9.8	-	11.4	-	-	left:x=0.52,y=0.50 right:x=0.50,y=0.50 bottom:x=0.51,y=0.51	left=11 right=16 bottom=6
兔	-	8.1	-	7.3	-	-	right:x=0.46,y=0.50 bottom:x=0.50,y=0.49	right=6 bottom=26
夬	-	9.6	-	-	-	-	right:x=0.48,y=0.51 inner:x=0.44,y=0.45	right=28 inner=4
咼	7.8	9.3	-	11.3	-	-	left:x=0.53,y=0.52 right:x=0.50,y=0.52 bottom:x=0.50,y=0.51 inner:x=0.43,y=0.53	bottom=4 left=3 right=17 inner=8
玉	-	8.8	-	6.8	-	-	right:x=0.49,y=0.52 bottom:x=0.50,y=0.49 inner:x=0.49,y=0.50	bottom=22 right=5 inner=5
寺	-	9.5	-	11	-	-	right:x=0.51,y=0.50 bottom:x=0.50,y=0.49 inner:x=0.48,y=0.47	right=26 bottom=4 inner=3
邑	-	8.6	-	11	-	-	right:x=0.53,y=0.51 bottom:x=0.54,y=0.50 inner:x=0.48,y=0.46	right=14 bottom=14 inner=4
𱥯	-	-	-	9.2	-	-	bottom:x=0.49,y=0.50	bottom=32
{56}	-	-	11.1	-	-	-	top:x=0.50,y=0.48	top=32
夌	-	9.9	-	-	-	-	right:x=0.49,y=0.50	right=32
睪	7.9	10.1	-	-	-	-	left:x=0.51,y=0.52 right:x=0.51,y=0.52	right=29 left=3
𡗞	-	-	-	10.7	-	-	bottom:x=0.50,y=0.50	bottom=32
叉	-	9.1	7.3	-	-	-	right:x=0.48,y=0.54 top:x=0.50,y=0.53	right=15 top=17
兒	7.2	9.1	-	-	-	-	left:x=0.50,y=0.49 right:x=0.49,y=0.50 inner:x=0.46,y=0.43	left=3 right=25 inner=4
失	-	9.2	-	-	-	-	right:x=0.49,y=0.50 inner:x=0.43,y=0.52	right=28 inner=4
⿱一⿵冂丶	-	-	-	-	-	-	left:x=0.54,y=0.48 right:x=0.47,y=0.59	left=16 right=16
留	-	9.6	-	8.8	-	-	right:x=0.49,y=0.50 bottom:x=0.49,y=0.51 inner:x=0.45,y=0.51	right=23 bottom=4 inner=5
差	-	9.6	7.5	-	-	-	right:x=0.47,y=0.48 top:x=0.49,y=0.47 inner:x=0.45,y=0.51	top=3 right=26 inner=3
折	-	10.6	8.1	11.1	-	-	right:x=0.51,y=0.50 top:x=0.50,y=0.48 bottom:x=0.49,y=0.51	right=11 top=18 bottom=3
侖	-	9.6	-	11.3	-	-	right:x=0.50,y=0.50 bottom:x=0.50,y=0.49	right=27 bottom=4
叚	-	9.8	-	10.9	-	-	right:x=0.53,y=0.52 bottom:x=0.54,y=0.53 inner:x=0.49,y=0.50	right=24 bottom=3 inner=4
安	7.1	9.7	8.3	9.7	-	-	left:x=0.52,y=0.49 right:x=0.51,y=0.50 top:x=0.50,y=0.49 bottom:x=0.50,y=0.51	top=5 right=15 bottom=8 left=3
𠦝	7.2	-	-	-	-	-	left:x=0.50,y=0.50	left=32
昷	-	9.1	-	-	-	-	right:x=0.48,y=0.51	right=32
孚	7.3	9.2	-	11.3	-	-	left:x=0.48,y=0.50 right:x=0.51,y=0.49 bottom:x=0.50,y=0.50	left=5 right=23 bottom=4
旬	-	9.7	-	11.2	-	-	right:x=0.47,y=0.50 bottom:x=0.46,y=0.49	bottom=7 right=24
臤	-	-	7.9	-	-	-	top:x=0.52,y=0.52	top=31
㐌	-	8.8	-	-	-	-	right:x=0.49,y=0.49	right=31
弟	7.1	9.7	-	8.4	-	-	left:x=0.46,y=0.50 right:x=0.47,y=0.50 bottom:x=0.49,y=0.51	right=24 left=4 bottom=3
甬	7.9	9.4	9.8	-	-	-	left:x=0.53,y=0.52 right:x=0.48,y=0.52 top:x=0.51,y=0.51 inner:x=0.47,y=0.53	top=7 right=17 left=4 inner=3
化	-	9.7	8.3	10.6	-	-	right:x=0.48,y=0.51 top:x=0.49,y=0.49 bottom:x=0.49,y=0.51	right=9 top=10 bottom=12
吕	4.5	8.6	-	5.4	-	-	left:x=0.51,y=0.51 right:x=0.49,y=0.52 bottom:x=0.51,y=0.51 inner:x=0.45,y=0.43	right=14 bottom=9 left=4 inner=4
覃	-	9.9	-	11.5	-	-	right:x=0.51,y=0.52 bottom:x=0.50,y=0.51	right=28 bottom=3
襄	-	9.9	-	11.3	-	-	right:x=0.50,y=0.49 bottom:x=0.50,y=0.48	right=27 bottom=4
夸	7.1	9.4	-	-	-	-	left:x=0.48,y=0.49 right:x=0.50,y=0.49	right=22 left=9
叟	8.1	9.8	-	-	-	-	left:x=0.48,y=0.50 right:x=0.49,y=0.50 inner:x=0.43,y=0.53	right=23 left=3 inner=5
齊	-	10	-	11.7	⿵4,8,4,0	-	right:x=0.49,y=0.50 bottom:x=0.50,y=0.50	right=23 bottom=3 ⿵=5
睘	7.6	9.9	-	-	-	-	left:x=0.48,y=0.52 right:x=0.50,y=0.52 inner:x=0.45,y=0.48	right=22 left=3 inner=6
夆	-	9.7	-	11.9	-	-	right:x=0.51,y=0.50 bottom:x=0.50,y=0.49 inner:x=0.46,y=0.53	right=20 bottom=6 inner=5
主	-	8.9	-	10.6	-	-	right:x=0.51,y=0.48 bottom:x=0.50,y=0.48	right=27 bottom=4
蒦	-	9.4	-	-	-	-	right:x=0.50,y=0.50	right=30
反	-	9.3	-	-	-	-	right:x=0.48,y=0.51 inner:x=0.43,y=0.54	right=28 inner=3
利	-	10.2	7.9	11.1	-	-	right:x=0.46,y=0.51 top:x=0.46,y=0.50 bottom:x=0.46,y=0.51	top=12 bottom=5 right=14
⿱白方	7.5	-	-	-	-	-	left:x=0.50,y=0.50	left=30
兓	-	-	8.5	-	-	-	top:x=0.50,y=0.51	top=30
予	6.6	9.1	-	-	-	-	left:x=0.53,y=0.52 right:x=0.52,y=0.52	right=21 left=9
詹	-	9.9	-	-	-	-	right:x=0.49,y=0.50 inner:x=0.45,y=0.47	right=27 inner=3
肀	-	-	8.8	-	-	-	top:x=0.45,y=0.46	top=30
堇	7.7	9.7	-	-	-	-	left:x=0.50,y=0.48 right:x=0.50,y=0.48 inner:x=0.46,y=0.45	left=10 right=17 inner=3
君	7.6	9.5	8	11	-	-	left:x=0.49,y=0.53 right:x=0.49,y=0.53 top:x=0.49,y=0.51 bottom:x=0.49,y=0.51	bottom=7 left=7 top=6 right=10
朱	6.9	9.2	-	-	-	-	left:x=0.49,y=0.50 right:x=0.50,y=0.50	left=4 right=26
半	7.3	9.2	-	-	-	-	left:x=0.49,y=0.50 right:x=0.51,y=0.50	left=5 right=25
冡	-	10.4	-	11.8	-	-	right:x=0.50,y=0.52 bottom:x=0.51,y=0.52	bottom=26 right=4
及	-	9.3	-	10.6	-	-	right:x=0.47,y=0.53 bottom:x=0.50,y=0.52	right=26 bottom=4
曼	-	9.5	-	-	-	-	right:x=0.49,y=0.52	right=30
⿱㇒⿻日丿	-	-	10.6	-	-	-	top:x=0.51,y=0.49	top=29
卷	-	10	-	11	-	-	right:x=0.50,y=0.49 bottom:x=0.50,y=0.49 inner:x=0.51,y=0.48	bottom=5 right=21 inner=3
宗	-	9.5	-	11.5	-	-	right:x=0.50,y=0.49 bottom:x=0.49,y=0.50	bottom=5 right=24
色	-	7.9	-	-	-	-	right:x=0.49,y=0.49	right=29
盧	8.4	10.1	-	12.2	-	-	left:x=0.48,y=0.49 right:x=0.49,y=0.49 bottom:x=0.50,y=0.49	left=4 right=22 bottom=3
兑	-	9.5	-	-	-	-	right:x=0.47,y=0.50 inner:x=0.42,y=0.47	right=26 inner=3
耑	7.7	9.6	-	-	-	-	left:x=0.49,y=0.49 right:x=0.51,y=0.50	right=22 left=7
豈	7.9	9.7	-	-	-	-	left:x=0.49,y=0.48 right:x=0.50,y=0.48	right=22 left=7
壽	-	10.1	12.2	-	-	-	right:x=0.51,y=0.50 top:x=0.50,y=0.49	top=3 right=26
卓	7.7	9.5	-	11.8	-	-	left:x=0.49,y=0.50 right:x=0.50,y=0.50 bottom:x=0.50,y=0.51	left=3 bottom=5 right=21
敝	-	10.9	7.6	-	-	-	right:x=0.52,y=0.50 top:x=0.53,y=0.49	top=22 right=7
鼻	7.1	9.9	-	-	-	-	left:x=0.50,y=0.50 right:x=0.48,y=0.50	right=8 left=21
𢖻	-	-	-	8.1	-	-	bottom:x=0.50,y=0.51	bottom=29
奚	7.4	9.8	-	-	-	-	left:x=0.49,y=0.50 right:x=0.50,y=0.50	right=24 left=5
啇	7.9	9.7	-	-	-	-	left:x=0.51,y=0.50 right:x=0.50,y=0.50 inner:x=0.44,y=0.53	right=22 left=3 inner=4
䍃	7.5	10.2	-	-	-	-	left:x=0.48,y=0.49 right:x=0.50,y=0.50	left=8 right=21
䜌	-	-	9.3	-	-	-	top:x=0.50,y=0.49	top=28
求	7.7	9.5	-	-	-	-	left:x=0.50,y=0.49 right:x=0.51,y=0.50 inner:x=0.45,y=0.53	left=6 right=19 inner=3
𠫝	-	-	-	12.1	-	-	bottom:x=0.48,y=0.48	bottom=28
易	7.5	9.3	-	-	-	-	left:x=0.47,y=0.52 right:x=0.46,y=0.52 inner:x=0.44,y=0.54	right=22 left=3 inner=3
䏍	8.1	9.1	-	-	-	-	left:x=0.49,y=0.50 right:x=0.52,y=0.49	left=25 right=3
孛	8.1	9.4	-	-	-	-	left:x=0.50,y=0.49 right:x=0.51,y=0.50	right=19 left=9
𫲸	-	-	10.1	-	-	-	top:x=0.51,y=0.51	top=28
敫	-	10.8	7.2	10.6	-	-	right:x=0.49,y=0.50 top:x=0.50,y=0.48 bottom:x=0.51,y=0.50	top=4 right=21 bottom=3
肙	6.8	8.8	-	-	-	-	left:x=0.51,y=0.52 right:x=0.49,y=0.52	right=24 left=4
會	9.6	9.8	-	-	-	-	left:x=0.46,y=0.50 right:x=0.50,y=0.50 inner:x=0.46,y=0.47	right=22 left=3 inner=3
⿹弓冫	-	-	-	-	-	-	left:x=0.49,y=0.52 right:x=0.50,y=0.52	left=14 right=14
闌	-	10	-	12.1	-	-	right:x=0.49,y=0.52 bottom:x=0.50,y=0.52	right=16 bottom=11
列	-	10.4	8.2	-	-	-	right:x=0.46,y=0.50 top:x=0.48,y=0.49 inner:x=0.28,y=0.56	top=12 right=11 inner=4
血	6.9	9.9	-	8.4	-	-	left:x=0.51,y=0.45 right:x=0.48,y=0.48 bottom:x=0.50,y=0.44	bottom=4 left=16 right=8
龱	-	-	-	10.9	-	-	middle:x=0.48,y=0.48 bottom:x=0.50,y=0.50	bottom=4 middle=24
⿸{95}口	-	-	-	10	-	-	bottom:x=0.44,y=0.51	bottom=27
囟	-	9.1	7.7	8.8	-	-	right:x=0.49,y=0.50 top:x=0.50,y=0.47 bottom:x=0.51,y=0.50	top=16 bottom=8 right=3
卜	-	6.6	-	-	-	-	right:x=0.57,y=0.50	right=27
厷	-	9.3	-	11.4	-	-	right:x=0.49,y=0.51 bottom:x=0.48,y=0.51	bottom=15 right=12
東	6.7	9.6	-	-	-	-	left:x=0.48,y=0.50 right:x=0.48,y=0.50	right=23 left=4
祭	-	10.1	-	12.3	-	-	right:x=0.50,y=0.50 bottom:x=0.50,y=0.50	right=15 bottom=12
因	-	9.1	8.9	-	-	-	right:x=0.50,y=0.52 top:x=0.50,y=0.51	right=21 top=6
菐	-	10.1	-	-	-	-	right:x=0.51,y=0.50	right=27
希	7.8	9.9	-	-	-	-	left:x=0.48,y=0.50 right:x=0.50,y=0.50	right=22 left=5
喜	7.5	9.7	-	-	-	-	left:x=0.50,y=0.49 right:x=0.51,y=0.50	right=22 left=5
亞	-	9.7	9.5	8.9	-	-	right:x=0.50,y=0.51 top:x=0.50,y=0.52 bottom:x=0.50,y=0.49 inner:x=0.47,y=0.43	bottom=3 right=11 top=9 inner=4
爰	-	10	-	-	-	-	right:x=0.47,y=0.50	right=27
⿱左⺝	-	9.7	-	-	-	-	right:x=0.47,y=0.50	right=27
甲	6.8	8.8	-	-	-	-	left:x=0.52,y=0.54 right:x=0.49,y=0.53 inner:x=0.46,y=0.52	right=16 left=3 inner=8
屰	9.5	-	-	-	-	-	left:x=0.49,y=0.49	left=27
與	-	10.7	10.8	11.9	-	-	right:x=0.50,y=0.50 top:x=0.50,y=0.49 bottom:x=0.50,y=0.51	right=11 bottom=5 top=11
系	-	8	-	-	-	-	right:x=0.49,y=0.49	right=27
斬	-	10.8	8.7	-	-	-	right:x=0.51,y=0.50 top:x=0.50,y=0.49	top=12 right=14
{62}	-	-	-	11.4	-	-	bottom:x=0.51,y=0.52	bottom=26
全	-	9.3	-	11	-	-	right:x=0.50,y=0.50 bottom:x=0.50,y=0.49	right=22 bottom=4
𦰩	7.8	10.4	-	-	-	-	left:x=0.50,y=0.50 right:x=0.51,y=0.50	left=18 right=8
監	-	10.3	-	12	-	-	right:x=0.49,y=0.49 bottom:x=0.50,y=0.49	bottom=7 right=19
𭥍	-	-	8.5	-	-	-	top:x=0.49,y=0.48	top=26
免	-	9.6	10.1	-	-	-	right:x=0.48,y=0.50 top:x=0.49,y=0.51 bottom:x=0.50,y=0.50	right=19 top=4 bottom=3
㚘	-	-	6.5	-	-	-	top:x=0.50,y=0.51	top=26
逢	-	10.3	9.3	12	-	-	right:x=0.50,y=0.49 top:x=0.50,y=0.49 bottom:x=0.50,y=0.49	right=18 top=3 bottom=5
異	-	9.6	-	10.3	-	-	right:x=0.49,y=0.52 bottom:x=0.50,y=0.52 inner:x=0.45,y=0.50	bottom=16 right=5 inner=5
⿱{14}矢	-	10.6	-	-	-	-	right:x=0.51,y=0.52	right=26
{14}	-	-	4.8	-	-	-	top:x=0.52,y=0.54	top=26
責	-	9.4	-	-	-	-	right:x=0.48,y=0.50	right=26
𠃜	-	-	-	8.9	⿸4,6,0,0	-	bottom:x=0.45,y=0.53	bottom=20 ⿸=6
帀	-	9.1	-	6.5	-	-	right:x=0.52,y=0.53 bottom:x=0.51,y=0.53 inner:x=0.45,y=0.53	right=18 bottom=5 inner=3
丑	-	9.3	8	-	-	-	right:x=0.50,y=0.52 top:x=0.53,y=0.53	right=23 top=3
官	-	9.2	-	11.1	-	-	right:x=0.50,y=0.50 bottom:x=0.50,y=0.49 inner:x=0.48,y=0.47	bottom=5 right=18 inner=3
⿰丿丨	-	-	-	6.7	-	-	bottom:x=0.39,y=0.51	bottom=26
肅	8.4	10.2	-	12.2	-	-	left:x=0.50,y=0.50 right:x=0.49,y=0.50 bottom:x=0.49,y=0.49	left=5 right=16 bottom=5
⿻𠮡人	-	-	-	10.9	-	-	bottom:x=0.50,y=0.49	bottom=26
柬	7	9.8	-	-	-	-	left:x=0.50,y=0.50 right:x=0.49,y=0.50 inner:x=0.50,y=0.44	left=3 right=16 inner=7
喿	9.7	10	-	-	-	-	left:x=0.48,y=0.52 right:x=0.50,y=0.52	right=22 left=3
益	7.5	9.9	-	-	-	-	left:x=0.48,y=0.49 right:x=0.50,y=0.49	right=22 left=3
⿵冂𢆉	-	-	-	10.7	-	-	bottom:x=0.50,y=0.51	bottom=25
翟	8.4	9.9	-	-	-	-	left:x=0.48,y=0.51 right:x=0.48,y=0.51 inner:x=0.44,y=0.53	right=19 left=3 inner=3
𠬶	-	10.1	-	-	-	-	right:x=0.51,y=0.52	right=25
复	-	9.8	-	-	-	-	right:x=0.50,y=0.50	right=25
更	-	9.9	-	-	-	-	right:x=0.49,y=0.53	right=25
𫲽	-	-	8.8	-	-	-	top:x=0.51,y=0.46	top=25
前	-	10	9.5	11	-	-	right:x=0.51,y=0.50 top:x=0.51,y=0.47 bottom:x=0.50,y=0.50	right=11 top=9 bottom=5
㚇	-	9.4	-	11.7	-	-	right:x=0.50,y=0.51 bottom:x=0.51,y=0.51	right=20 bottom=5
危	7.9	9.7	-	-	-	-	left:x=0.48,y=0.49 right:x=0.49,y=0.49	right=22 left=3
垂	7.7	9.9	-	-	-	-	left:x=0.49,y=0.49 right:x=0.50,y=0.49	left=4 right=21
敦	-	10.6	8.9	-	-	-	right:x=0.52,y=0.50 top:x=0.50,y=0.48	right=20 top=5
賁	7.7	9.4	-	-	-	-	left:x=0.52,y=0.49 right:x=0.50,y=0.50	right=22 left=3
尢	-	-	-	-	⿺6,0,0,4	-	-	⿺=25
麻	-	10	-	-	⿸10,6,0,0	-	right:x=0.49,y=0.50	right=7 ⿸=18
黽	-	9.2	-	8.6	-	-	right:x=0.52,y=0.51 bottom:x=0.54,y=0.50	right=11 bottom=14
七	-	7.7	-	7.3	-	-	right:x=0.56,y=0.50 bottom:x=0.50,y=0.51	right=21 bottom=3
長	-	9.4	-	-	-	-	right:x=0.52,y=0.53	right=24
⿴𦥑爻	-	-	10.3	-	-	-	top:x=0.50,y=0.52	top=24
坐	-	9.7	-	8.5	-	-	right:x=0.51,y=0.48 bottom:x=0.50,y=0.49 inner:x=0.46,y=0.44	right=13 bottom=5 inner=6
育	7.6	9.5	-	-	-	-	left:x=0.53,y=0.50 right:x=0.51,y=0.50	right=14 left=10
⿰丿𠃌	-	-	-	6.6	-	-	bottom:x=0.45,y=0.47	bottom=24
吂	-	-	7.2	-	-	-	top:x=0.50,y=0.47	top=24
英	7.3	9.7	-	-	-	-	left:x=0.48,y=0.50 right:x=0.50,y=0.50	right=19 left=5
賓	7.8	9.9	-	-	-	-	left:x=0.50,y=0.50 right:x=0.50,y=0.50	right=20 left=4
争	-	9.5	-	-	-	-	right:x=0.50,y=0.50	right=24
專	8.1	9.9	-	-	-	-	left:x=0.48,y=0.49 right:x=0.51,y=0.50	right=20 left=4
倉	8.3	9.8	-	-	-	-	left:x=0.49,y=0.50 right:x=0.50,y=0.50	right=21 left=3
廷	-	10.2	-	10.6	-	-	right:x=0.49,y=0.51 bottom:x=0.50,y=0.51	right=20 bottom=4
平	-	9.3	-	-	-	-	right:x=0.51,y=0.53	right=24
匊	-	9.2	-	-	-	-	right:x=0.47,y=0.50	right=24
無	8.2	10.6	-	11.2	-	-	left:x=0.49,y=0.49 right:x=0.50,y=0.50 bottom:x=0.50,y=0.49	right=18 bottom=3 left=3
尼	-	9.9	-	-	-	-	right:x=0.48,y=0.52	right=24
臽	7.3	9.3	-	-	-	-	left:x=0.48,y=0.50 right:x=0.47,y=0.50	right=19 left=4
畀	-	10.1	-	8.8	-	-	right:x=0.49,y=0.52 bottom:x=0.50,y=0.53	right=4 bottom=19
南	8.7	10	-	11.3	-	-	left:x=0.50,y=0.49 right:x=0.50,y=0.50 bottom:x=0.50,y=0.49	right=17 bottom=3 left=3
敢	-	10.6	-	-	-	-	right:x=0.50,y=0.50 inner:x=0.47,y=0.46	right=14 inner=9
冃	-	-	6.6	-	-	-	top:x=0.50,y=0.50	top=23
含	7	9.5	-	11.7	-	-	left:x=0.49,y=0.49 right:x=0.50,y=0.50 bottom:x=0.50,y=0.49	left=5 right=15 bottom=3
咢	7.6	9.5	-	-	-	-	left:x=0.48,y=0.52 right:x=0.51,y=0.52	left=8 right=15
朁	9.9	10	-	-	-	-	left:x=0.47,y=0.52 right:x=0.51,y=0.52	left=3 right=20
𠂎	7.8	-	-	-	-	-	left:x=0.48,y=0.50	left=23
⿻𠀇⿰丨丨	-	-	11.3	-	-	-	top:x=0.51,y=0.49	top=23
𠮥	-	-	9	-	-	-	top:x=0.45,y=0.47	top=23
員	7.1	9.8	-	10.7	-	-	left:x=0.49,y=0.52 right:x=0.49,y=0.52 bottom:x=0.50,y=0.51	right=15 bottom=3 left=5
尚	7.7	9.4	-	-	-	-	left:x=0.52,y=0.49 right:x=0.50,y=0.50	left=9 right=14
爻	-	8.7	-	-	-	-	right:x=0.48,y=0.51 middle:x=0.46,y=0.49	right=8 middle=15
𣥂	-	-	-	8.9	-	-	bottom:x=0.46,y=0.49	bottom=23
𢦏	-	-	-	-	⿹0,6,8,0	-	-	⿹=23
末	-	9.4	-	10.1	-	-	right:x=0.49,y=0.50 bottom:x=0.50,y=0.51	bottom=3 right=20
完	-	9.8	-	-	-	-	right:x=0.48,y=0.50	right=23
{21}	-	-	8.7	-	-	-	top:x=0.50,y=0.51	top=23
丙	-	9.4	7.7	10.1	-	-	right:x=0.50,y=0.53 top:x=0.50,y=0.53 bottom:x=0.50,y=0.52 inner:x=0.46,y=0.50	right=13 top=3 bottom=4 inner=3
韭	-	-	-	8.5	-	-	bottom:x=0.50,y=0.48 inner:x=0.57,y=0.41	bottom=12 inner=10
⿲幺白幺	-	-	8.3	-	-	-	top:x=0.51,y=0.49	top=22
延	-	10.6	-	11.2	-	-	right:x=0.49,y=0.51 bottom:x=0.50,y=0.51	bottom=3 right=20
賏	-	-	8.4	-	-	-	top:x=0.50,y=0.53	top=22
尗	7.9	8.2	-	-	-	-	left:x=0.50,y=0.50 right:x=0.49,y=0.49	right=3 left=19
即	-	10.3	-	10.2	-	-	right:x=0.48,y=0.53 bottom:x=0.49,y=0.52	right=9 bottom=13
柔	-	9.5	-	-	-	-	right:x=0.49,y=0.52	right=22
𫧇	-	6.9	-	-	-	-	right:x=0.54,y=0.50	right=22
戍	-	-	-	7.9	-	-	bottom:x=0.49,y=0.50	bottom=22
舀	-	9.2	-	-	-	-	right:x=0.48,y=0.51	right=22
𠠴	-	-	-	8.1	-	-	bottom:x=0.48,y=0.51	bottom=22
𦥯	-	-	8.3	-	-	-	top:x=0.50,y=0.49	top=22
㲋	-	-	7.7	-	-	-	top:x=0.50,y=0.49	top=22
丕	6.6	9.6	-	-	-	-	left:x=0.47,y=0.50 right:x=0.50,y=0.52	right=19 left=3
⿳士冖一	-	-	7.6	-	-	-	top:x=0.50,y=0.47	top=22
昗	-	-	-	11.9	-	-	bottom:x=0.50,y=0.51	bottom=22
娄	7.4	9.9	-	11.3	-	-	left:x=0.52,y=0.50 right:x=0.50,y=0.50 bottom:x=0.50,y=0.49	right=15 left=4 bottom=3
㐬	-	9.2	-	-	-	-	right:x=0.48,y=0.49	right=22
翁	7.8	10.3	-	12.2	-	-	left:x=0.49,y=0.50 right:x=0.51,y=0.51 bottom:x=0.50,y=0.50	right=16 bottom=3 left=3
夷	-	9.8	-	-	-	-	right:x=0.49,y=0.50	right=22
只	-	9	-	-	-	-	right:x=0.48,y=0.54 inner:x=0.45,y=0.51	right=19 inner=3
麗	8.2	10.6	-	-	-	-	left:x=0.47,y=0.52 right:x=0.48,y=0.52 inner:x=0.45,y=0.49	left=4 right=15 inner=3
⿱㇒干	-	-	-	-	-	-	left:x=0.45,y=0.50 right:x=0.51,y=0.50	left=11 right=11
𱕻	-	-	-	11	-	-	bottom:x=0.49,y=0.50	bottom=22
允	-	9.8	-	11.9	-	-	right:x=0.46,y=0.50 bottom:x=0.48,y=0.47	bottom=10 right=11
⿰丰丰	-	-	8.1	-	-	-	top:x=0.51,y=0.47	top=22
蒙	8	10	-	-	-	-	left:x=0.50,y=0.50 right:x=0.51,y=0.50	right=18 left=3
𡗜	-	-	10.1	-	-	-	top:x=0.50,y=0.50	top=21
念	-	9.7	-	-	-	-	right:x=0.49,y=0.50	right=21
芻	7.5	9.6	-	-	-	-	left:x=0.48,y=0.49 right:x=0.47,y=0.50	right=16 left=5
能	-	10.7	10	11.2	-	-	right:x=0.51,y=0.50 top:x=0.50,y=0.49 bottom:x=0.51,y=0.51	right=5 bottom=10 top=6
⿻丨⿵冂𠓜	-	-	-	10.1	-	-	bottom:x=0.51,y=0.48	bottom=21
畢	-	9.7	-	11.4	-	-	right:x=0.50,y=0.52 bottom:x=0.50,y=0.51 inner:x=0.43,y=0.56	right=15 bottom=3 inner=3
春	-	10.1	-	11.5	-	-	right:x=0.51,y=0.50 bottom:x=0.50,y=0.47	right=18 bottom=3
冓	8	9.8	-	-	-	-	left:x=0.49,y=0.50 right:x=0.51,y=0.50	right=17 left=4
⿻廿儿	-	-	6.2	-	-	-	top:x=0.51,y=0.47	top=21
医	7.7	-	-	-	-	-	left:x=0.51,y=0.49	left=21
兹	-	9.9	10.1	-	-	-	right:x=0.51,y=0.49 top:x=0.50,y=0.48	top=9 right=12
𦣻	-	-	8.5	12.4	-	-	top:x=0.50,y=0.53 bottom:x=0.46,y=0.52	bottom=13 top=8
呆	-	10.7	-	-	-	-	right:x=0.49,y=0.52	right=21
旨	6.9	8.7	-	8.9	-	-	left:x=0.53,y=0.50 right:x=0.53,y=0.50 bottom:x=0.53,y=0.51	bottom=7 right=11 left=3
匀	-	9.4	-	-	-	-	right:x=0.47,y=0.50	right=21
帝	-	9.4	10.2	-	-	-	right:x=0.50,y=0.50 top:x=0.50,y=0.48	top=3 right=18
曹	-	9.5	-	-	-	-	right:x=0.51,y=0.50	right=21
贊	-	10	-	-	-	-	right:x=0.50,y=0.50	right=21
冥	7.9	10.1	-	-	-	-	left:x=0.49,y=0.51 right:x=0.50,y=0.53	right=16 left=5
丹	8.4	9.6	-	10.6	-	-	left:x=0.49,y=0.53 right:x=0.47,y=0.52 bottom:x=0.50,y=0.51	left=9 bottom=4 right=8
固	-	9.4	-	10.9	-	-	right:x=0.49,y=0.53 bottom:x=0.50,y=0.53	right=16 bottom=5
耎	-	10	-	-	-	-	right:x=0.50,y=0.53	right=21
彗	-	10	10.6	11.6	-	-	right:x=0.51,y=0.50 top:x=0.52,y=0.49 bottom:x=0.50,y=0.51	right=8 top=10 bottom=3
匆	-	-	8.9	-	-	-	top:x=0.48,y=0.49	top=21
賣	-	9.7	-	-	-	-	right:x=0.49,y=0.50	right=21
居	-	9.6	-	-	-	-	right:x=0.48,y=0.52	right=21
旱	-	9.6	-	11.4	-	-	right:x=0.51,y=0.52 bottom:x=0.50,y=0.51	right=18 bottom=3
矞	8	10.1	-	-	-	-	left:x=0.49,y=0.52 right:x=0.50,y=0.52	right=17 left=4
⿱㇒⿸⿻日丿乚	-	-	-	-	⿷10,9,0,3	-	-	⿷=21
虒	8.4	9.9	-	-	-	-	left:x=0.48,y=0.50 right:x=0.49,y=0.50 inner:x=0.43,y=0.47	right=12 left=5 inner=4
六	-	-	4	8.1	-	-	top:x=0.50,y=0.52 bottom:x=0.50,y=0.52	top=6 bottom=14
囱	-	-	9.2	-	-	-	top:x=0.50,y=0.48	top=20
⿱𱼀寸	-	9.9	-	-	-	-	right:x=0.51,y=0.49	right=20
𫇦	-	-	7.6	-	-	-	top:x=0.50,y=0.48	top=20
𥝢	-	-	6	-	-	-	top:x=0.48,y=0.48	top=20
龠	8.2	9.8	-	10.7	-	-	left:x=0.50,y=0.50 right:x=0.50,y=0.50 bottom:x=0.50,y=0.51	right=7 bottom=4 left=9
華	-	9.9	-	-	-	-	right:x=0.52,y=0.50	right=20
⿰巳巳	-	-	6.2	-	-	-	top:x=0.53,y=0.51	top=20
昏	-	9.3	-	-	-	-	right:x=0.51,y=0.50 inner:x=0.49,y=0.47	right=17 inner=3
垔	7.6	9.8	-	-	-	-	left:x=0.48,y=0.51 right:x=0.51,y=0.51	right=14 left=6
卯	-	9.4	-	9.6	-	-	right:x=0.48,y=0.50 bottom:x=0.49,y=0.51	right=14 bottom=6
𠤕	7.1	-	-	-	-	-	left:x=0.51,y=0.50	left=20
典	8.1	10.1	-	-	-	-	left:x=0.51,y=0.48 right:x=0.51,y=0.50	right=17 left=3
畏	-	9.6	-	-	-	-	right:x=0.51,y=0.52	right=20
西	-	9.6	-	-	-	-	right:x=0.51,y=0.53 inner:x=0.46,y=0.51	right=16 inner=4
連	-	10.4	-	11.9	-	-	right:x=0.49,y=0.50 bottom:x=0.50,y=0.49	right=17 bottom=3
妥	-	9.1	-	-	-	-	right:x=0.50,y=0.51	right=20
尔	-	9.4	-	-	-	-	right:x=0.50,y=0.50	right=20
義	-	10	-	12.3	-	-	right:x=0.52,y=0.50 bottom:x=0.51,y=0.50	bottom=3 right=17
韱	-	10.4	-	-	-	-	right:x=0.51,y=0.50	right=20
侯	-	10	-	-	-	-	right:x=0.50,y=0.50	right=20
任	-	9.9	7.3	-	-	-	right:x=0.49,y=0.51 top:x=0.48,y=0.49	right=11 top=9
善	8.1	9.7	-	-	-	-	left:x=0.49,y=0.50 right:x=0.51,y=0.50	left=4 right=16
般	-	10.8	8.9	11.2	-	-	right:x=0.50,y=0.50 top:x=0.50,y=0.50 bottom:x=0.50,y=0.50	right=3 top=14 bottom=3
步	7.5	9.9	-	-	-	-	left:x=0.50,y=0.50 right:x=0.49,y=0.50	left=9 right=11
定	-	9.5	-	-	-	-	right:x=0.49,y=0.50	right=20
沙	-	10.2	7.6	-	-	-	right:x=0.50,y=0.50 top:x=0.50,y=0.50 inner:x=0.47,y=0.46	top=11 right=6 inner=3
農	-	10	-	-	-	-	right:x=0.48,y=0.50	right=20
成	8.1	10.1	-	11	-	-	left:x=0.48,y=0.48 right:x=0.49,y=0.50 bottom:x=0.50,y=0.50	left=3 right=12 bottom=4
龙	-	10.1	7.5	10.5	-	-	right:x=0.46,y=0.50 top:x=0.50,y=0.50 bottom:x=0.50,y=0.50	top=7 right=10 bottom=4
廴	-	-	-	-	⿺6,0,0,2	-	-	⿺=20
將	-	9.7	9.2	11.8	-	-	right:x=0.49,y=0.50 top:x=0.50,y=0.49 bottom:x=0.50,y=0.50	top=10 right=7 bottom=3
庸	10.1	10.2	-	-	-	-	left:x=0.47,y=0.48 right:x=0.48,y=0.49	right=16 left=3
人	-	7.3	-	7.1	-	-	right:x=0.48,y=0.51 bottom:x=0.50,y=0.52 inner:x=0.46,y=0.35	right=8 bottom=4 inner=8
幼	-	10.5	-	-	-	-	right:x=0.48,y=0.50	right=19
刍	7.4	9.3	9.6	-	-	-	left:x=0.50,y=0.46 right:x=0.47,y=0.49 top:x=0.50,y=0.48	right=7 left=6 top=6
𦍎	-	-	-	11.3	-	-	bottom:x=0.50,y=0.51	bottom=19
甾	7.4	9	-	-	-	-	left:x=0.48,y=0.49 right:x=0.50,y=0.51	left=4 right=15
契	8.1	10	-	11.7	-	-	left:x=0.48,y=0.50 right:x=0.50,y=0.50 bottom:x=0.50,y=0.51	left=3 bottom=3 right=13
郎	-	10.2	-	-	-	-	right:x=0.50,y=0.49	right=19
樂	-	10.4	-	-	-	-	right:x=0.50,y=0.50	right=19
夲	-	-	-	8.5	-	-	bottom:x=0.50,y=0.49	bottom=19
敄	-	-	7.6	-	-	-	top:x=0.50,y=0.49	top=19
寍	-	-	10.3	-	-	-	top:x=0.50,y=0.47	top=19
容	-	9.6	-	11.9	-	-	right:x=0.50,y=0.49 bottom:x=0.50,y=0.48	bottom=3 right=16
怱	-	9.9	-	11.7	-	-	right:x=0.49,y=0.49 bottom:x=0.50,y=0.48	right=12 bottom=8
負	-	7.7	-	-	-	-	right:x=0.47,y=0.52	right=19
皆	-	9.6	-	-	-	-	right:x=0.51,y=0.50	right=19
昌	-	9	-	-	-	-	right:x=0.49,y=0.52	right=19
区	7.3	9.2	-	-	-	-	left:x=0.53,y=0.51 right:x=0.53,y=0.51	right=14 left=5
鼓	-	-	7.4	9.7	-	-	top:x=0.50,y=0.49 bottom:x=0.51,y=0.51	top=14 bottom=5
𭠍	-	-	8.4	-	-	-	top:x=0.52,y=0.47	top=19
声	7.6	-	-	-	-	-	left:x=0.48,y=0.49	left=19
处	-	-	8.9	-	-	-	top:x=0.50,y=0.49	top=19
韦	6.5	9.2	-	-	-	-	left:x=0.48,y=0.50 right:x=0.51,y=0.50 inner:x=0.49,y=0.50	right=11 left=4 inner=4
⿰㇒乛	-	-	6.4	-	-	-	top:x=0.50,y=0.50	top=19
太	-	9.5	8.8	-	-	-	right:x=0.49,y=0.50 top:x=0.50,y=0.48	right=14 top=5
殹	-	-	8	-	-	-	top:x=0.50,y=0.51	top=18
若	-	9.7	7.7	-	-	-	right:x=0.50,y=0.50 top:x=0.49,y=0.48	top=4 right=14
厥	-	10.4	-	-	⿸4,6,0,0	-	right:x=0.50,y=0.53	right=14 ⿸=4
唐	7.9	9.5	-	-	-	-	left:x=0.48,y=0.49 right:x=0.48,y=0.50	right=14 left=4
𤔌	-	-	10.8	-	-	-	top:x=0.52,y=0.49	top=18
蔑	-	9.6	-	-	-	-	right:x=0.49,y=0.50	right=18
北	-	-	5.3	-	-	-	top:x=0.50,y=0.47	top=18
𠮟	-	-	-	6.7	-	-	bottom:x=0.54,y=0.50	bottom=18
胡	-	10	-	10.9	-	-	right:x=0.49,y=0.50 bottom:x=0.47,y=0.51	right=15 bottom=3
戚	-	10.5	8.3	-	-	-	right:x=0.49,y=0.50 top:x=0.49,y=0.48	top=6 right=12
隶	-	9.4	-	-	-	-	right:x=0.48,y=0.49 inner:x=0.45,y=0.46	right=13 inner=5
尨	-	10	-	-	-	-	right:x=0.49,y=0.49 inner:x=0.47,y=0.47	right=15 inner=3
劦	-	10.4	7.8	-	-	-	right:x=0.46,y=0.50 top:x=0.49,y=0.49	top=9 right=9
㒼	-	9.8	-	-	-	-	right:x=0.51,y=0.50	right=18
沓	-	9.4	-	11.2	-	-	right:x=0.53,y=0.50 bottom:x=0.50,y=0.49	right=14 bottom=4
崔	-	10.2	-	-	-	-	right:x=0.49,y=0.50	right=18
毚	-	10.2	-	-	-	-	right:x=0.49,y=0.50	right=18
𠮷	-	-	9.4	-	-	-	top:x=0.50,y=0.49 inner:x=0.50,y=0.40	top=15 inner=3
泉	-	9.5	-	7.9	-	-	right:x=0.50,y=0.50 bottom:x=0.52,y=0.48 inner:x=0.53,y=0.42	right=12 bottom=3 inner=3
原	-	9.9	-	-	-	-	right:x=0.49,y=0.53	right=18
歷	-	10.5	-	-	-	-	right:x=0.48,y=0.52	right=18
巩	-	-	7.2	8.6	-	-	top:x=0.50,y=0.53 bottom:x=0.51,y=0.51	top=14 bottom=4
巿	-	9.3	-	-	-	-	right:x=0.52,y=0.50	right=18
維	-	-	-	10.7	-	-	bottom:x=0.50,y=0.51	bottom=18
寽	6.6	9	-	-	-	-	left:x=0.48,y=0.50 right:x=0.52,y=0.50	right=14 left=4
巤	-	9.8	-	-	-	-	right:x=0.52,y=0.50	right=18
空	-	9.6	-	-	-	-	right:x=0.51,y=0.48	right=18
呈	-	9.6	-	-	-	-	right:x=0.50,y=0.51	right=18
悤	-	9.5	-	-	-	-	right:x=0.50,y=0.48	right=18
建	-	10.2	-	-	-	-	right:x=0.48,y=0.50	right=18
𦐇	-	9.5	-	-	-	-	right:x=0.47,y=0.52 inner:x=0.40,y=0.46	right=14 inner=4
宣	-	9.6	-	-	-	-	right:x=0.51,y=0.48	right=18
叔	-	10.7	7.7	11.7	-	-	right:x=0.49,y=0.50 top:x=0.49,y=0.49 bottom:x=0.50,y=0.51	right=11 bottom=3 top=4
⿰㇇丶	-	-	8	-	-	-	top:x=0.50,y=0.52	top=18
⿰工口	-	-	-	-	-	-	middle:x=0.48,y=0.56	middle=18
{36}	-	-	8.7	-	-	-	top:x=0.51,y=0.52	top=18
尺	-	9.3	8.7	-	-	-	right:x=0.47,y=0.53 top:x=0.50,y=0.54	right=12 top=5
萬	-	10	9.5	-	-	-	right:x=0.50,y=0.50 top:x=0.50,y=0.49 inner:x=0.45,y=0.48	right=8 top=5 inner=5
风	-	9.8	-	-	⿺8,0,0,4	-	right:x=0.49,y=0.53	right=10 ⿺=8
𮥼	-	-	-	12.2	-	-	bottom:x=0.48,y=0.50	bottom=18
巫	7.5	-	-	9	-	-	left:x=0.48,y=0.49 bottom:x=0.50,y=0.51	bottom=14 left=4
廣	-	10.5	-	-	-	-	right:x=0.48,y=0.50	right=18
雲	6.9	9.6	-	11.9	-	-	left:x=0.48,y=0.51 right:x=0.51,y=0.52 bottom:x=0.50,y=0.51	bottom=4 left=9 right=5
⿴{11}亅	-	-	-	11.7	-	-	bottom:x=0.49,y=0.51	bottom=17
宓	-	-	9.7	-	-	-	top:x=0.50,y=0.49	top=17
巢	9.5	9.7	-	-	-	-	left:x=0.46,y=0.50 right:x=0.49,y=0.50	right=14 left=3
業	8.2	9.9	-	-	-	-	left:x=0.49,y=0.50 right:x=0.50,y=0.50	right=14 left=3
達	-	10.6	-	-	-	-	right:x=0.49,y=0.50	right=17
𱁈	-	-	-	12.1	-	-	bottom:x=0.50,y=0.50	bottom=17
㥯	-	10	-	-	-	-	right:x=0.48,y=0.50	right=17
聑	-	-	-	7.8	-	-	bottom:x=0.49,y=0.52	bottom=17
帶	-	10.1	-	-	-	-	right:x=0.51,y=0.50 inner:x=0.46,y=0.48	right=14 inner=3
⿱龴疋	-	7.9	-	-	-	-	right:x=0.44,y=0.52	right=17
𢇁	-	-	-	9.6	-	-	bottom:x=0.48,y=0.51	bottom=17
當	7.9	9.5	-	-	-	-	left:x=0.50,y=0.50 right:x=0.50,y=0.50	right=14 left=3
執	-	-	7.9	11.7	-	-	top:x=0.51,y=0.49 bottom:x=0.51,y=0.51	bottom=3 top=14
害	7.5	9.3	-	-	-	-	left:x=0.50,y=0.50 right:x=0.51,y=0.49	left=6 right=11
宁	-	9.3	-	-	-	-	right:x=0.52,y=0.49	right=17
直	-	9.9	8.7	-	-	-	right:x=0.48,y=0.48 top:x=0.50,y=0.47	right=14 top=3
疌	-	10.1	-	-	-	-	right:x=0.48,y=0.49	right=17
𭻾	-	8.7	-	-	-	-	right:x=0.49,y=0.50	right=17
⿻土从	-	-	8	-	-	-	top:x=0.50,y=0.46	top=17
⿸耳又	-	-	-	9.2	-	-	bottom:x=0.51,y=0.53	bottom=17
术	-	9.4	-	9.7	-	-	right:x=0.50,y=0.50 bottom:x=0.48,y=0.50 inner:x=0.46,y=0.53	right=11 bottom=3 inner=3
佥	7.8	9.9	-	-	-	-	left:x=0.49,y=0.47 right:x=0.50,y=0.47	left=5 right=12
癸	8.3	10	-	-	-	-	left:x=0.52,y=0.51 right:x=0.50,y=0.51	right=14 left=3
⿵戌𣥂	-	-	-	10.7	-	-	bottom:x=0.49,y=0.50	bottom=17
鹵	6.9	9.6	-	-	-	-	left:x=0.53,y=0.49 right:x=0.52,y=0.50	left=12 right=5
尊	-	9.7	-	-	-	-	right:x=0.51,y=0.49	right=17
𢀖	7	9.5	-	-	-	-	left:x=0.49,y=0.51 right:x=0.50,y=0.51 inner:x=0.49,y=0.48	left=4 right=10 inner=3
𰁜	-	-	7.3	-	-	-	top:x=0.50,y=0.48	top=17
⿻⿰丨丨八	-	-	-	10	-	-	bottom:x=0.50,y=0.44	bottom=17
丬	4.9	-	-	-	-	-	left:x=0.45,y=0.50	left=17
𡨄	-	-	7.7	-	-	-	top:x=0.50,y=0.48	top=16
𦭝	-	-	7.1	-	-	-	top:x=0.50,y=0.46	top=16
孝	7.9	9.8	-	11.6	-	-	left:x=0.51,y=0.50 right:x=0.49,y=0.50 bottom:x=0.49,y=0.51	right=10 left=4 bottom=3
殸	-	-	8.8	-	-	-	top:x=0.49,y=0.49	top=16
{1}	-	-	-	8.8	-	-	bottom:x=0.49,y=0.52 inner:x=0.44,y=0.44	bottom=13 inner=3
𠘧	-	-	6.8	-	-	-	top:x=0.50,y=0.53	top=16
冂	-	-	-	-	⿵4,2,4,0	-	middle:x=0.50,y=0.50	middle=3 ⿵=13
堂	-	9.7	-	-	-	-	right:x=0.50,y=0.48	right=16
景	7.5	10.1	-	-	-	-	left:x=0.49,y=0.52 right:x=0.47,y=0.52	left=6 right=10
尹	-	9.9	-	10.7	⿸4,10,0,0	-	right:x=0.50,y=0.54 bottom:x=0.50,y=0.52	bottom=3 right=8 ⿸=5
習	-	9.5	-	-	-	-	right:x=0.48,y=0.52	right=16
井	-	9.5	-	8.6	-	-	left:x=0.47,y=0.50 right:x=0.50,y=0.50 bottom:x=0.50,y=0.51	right=10 bottom=3 left=3
𭷔	-	7.5	-	-	-	-	right:x=0.51,y=0.52	right=16
㬎	8.3	9.7	-	-	-	-	left:x=0.50,y=0.52 right:x=0.48,y=0.52	right=13 left=3
𦣞	7.4	8.8	-	11.1	-	-	left:x=0.54,y=0.49 right:x=0.53,y=0.50 bottom:x=0.53,y=0.48	left=9 right=4 bottom=3
並	-	9.9	8	-	-	-	right:x=0.50,y=0.48 top:x=0.50,y=0.46	top=9 right=7
咠	-	9.4	-	-	-	-	right:x=0.50,y=0.52	right=16
𰀢	-	-	8.1	-	-	-	top:x=0.53,y=0.47	top=16
畺	-	9.6	-	-	-	-	right:x=0.50,y=0.51	right=16
亚	-	10	8.1	-	-	-	right:x=0.49,y=0.51 top:x=0.50,y=0.50	top=9 right=7
屈	-	10.3	-	9.9	-	-	right:x=0.46,y=0.52 bottom:x=0.46,y=0.51	right=12 bottom=4
克	-	8.9	-	-	⿺8,0,0,4	-	right:x=0.47,y=0.50	right=7 ⿺=9
吴	-	9.6	-	-	-	-	right:x=0.49,y=0.52 inner:x=0.47,y=0.44	right=11 inner=5
单	8	9.6	-	-	-	-	left:x=0.50,y=0.50 right:x=0.51,y=0.50	right=13 left=3
虽	-	9.6	-	-	-	-	right:x=0.51,y=0.51	right=16
奴	-	10.6	7.1	-	-	-	right:x=0.50,y=0.50 top:x=0.50,y=0.50	top=12 right=4
意	-	9.7	-	-	-	-	right:x=0.49,y=0.49	right=16
熏	8.4	10.3	-	-	-	-	left:x=0.49,y=0.50 right:x=0.49,y=0.51	right=13 left=3
勞	-	9.8	-	-	-	-	right:x=0.50,y=0.50	right=16
尧	-	9.7	-	-	-	-	right:x=0.49,y=0.50	right=16
兵	-	10	-	11.5	-	-	right:x=0.49,y=0.51 bottom:x=0.50,y=0.51	right=7 bottom=9
豊	7.6	8.6	-	-	-	-	left:x=0.49,y=0.48 right:x=0.51,y=0.49	right=11 left=5
⿸⿻口丿乚	-	-	-	10.9	-	-	bottom:x=0.49,y=0.51	bottom=16
歺	7.7	-	-	-	-	-	left:x=0.50,y=0.51	left=16
貢	-	9.3	-	10.4	-	-	right:x=0.48,y=0.52 bottom:x=0.49,y=0.51	bottom=6 right=9
發	-	9.9	-	-	-	-	right:x=0.50,y=0.50 inner:x=0.47,y=0.46	right=12 inner=4
要	-	9.9	-	10.2	-	-	right:x=0.50,y=0.53 bottom:x=0.50,y=0.52	right=12 bottom=4
壹	7.6	10.3	-	-	-	-	left:x=0.49,y=0.48 right:x=0.49,y=0.48	right=11 left=4
巽	-	9.9	-	-	-	-	right:x=0.50,y=0.52	right=16
永	-	9.8	-	8.4	-	-	right:x=0.49,y=0.50 bottom:x=0.49,y=0.51	bottom=4 right=11
庶	7.8	10	-	-	-	-	left:x=0.48,y=0.49 right:x=0.48,y=0.50	left=3 right=12
匽	8.4	10.2	-	-	-	-	left:x=0.50,y=0.51 right:x=0.51,y=0.51	left=3 right=12
入	-	7.9	6.2	-	-	-	right:x=0.52,y=0.53 top:x=0.51,y=0.52	top=12 right=3
𭚧	-	-	-	9.9	-	-	bottom:x=0.52,y=0.51	bottom=15
⺗	-	-	-	7.8	-	-	bottom:x=0.51,y=0.50	bottom=15
帛	-	8.7	-	-	-	-	right:x=0.50,y=0.50	right=15
雋	-	10.3	-	12.1	-	-	right:x=0.48,y=0.50 bottom:x=0.47,y=0.50	bottom=7 right=8
丣	-	8.8	8.3	-	-	-	right:x=0.51,y=0.53 top:x=0.50,y=0.56	top=12 right=3
幾	-	10	-	-	-	-	right:x=0.49,y=0.50	right=15
司	-	9.3	-	-	-	-	right:x=0.48,y=0.53	right=15
灰	-	9.9	-	10.8	-	-	right:x=0.49,y=0.50 bottom:x=0.49,y=0.53	bottom=5 right=10
相	-	10	-	8	-	-	right:x=0.46,y=0.50 bottom:x=0.47,y=0.52	right=4 bottom=11
星	-	9.8	-	-	-	-	right:x=0.50,y=0.51	right=15
帚	-	9.5	-	11.4	-	-	right:x=0.51,y=0.52 bottom:x=0.50,y=0.52	bottom=3 right=12
皋	7.3	10	-	-	-	-	left:x=0.49,y=0.50 right:x=0.50,y=0.50	right=10 left=5
盾	-	10	-	-	-	-	right:x=0.48,y=0.51	right=15
行	-	10.2	-	-	-	-	right:x=0.51,y=0.51	right=15
㒸	-	9.8	-	-	-	-	right:x=0.50,y=0.50 inner:x=0.45,y=0.54	right=12 inner=3
胥	-	9.7	-	-	-	-	right:x=0.49,y=0.52	right=15
丩	-	8.1	-	-	-	-	right:x=0.45,y=0.51	right=15
㳟	-	-	-	9.9	-	-	bottom:x=0.50,y=0.50	bottom=15
代	-	9.1	7.3	-	-	-	right:x=0.49,y=0.49 top:x=0.49,y=0.48	right=5 top=10
既	-	10.6	8.4	-	-	-	right:x=0.49,y=0.53 top:x=0.51,y=0.52	top=9 right=6
川	-	9.1	-	-	-	-	right:x=0.44,y=0.51	right=15
累	-	9.6	-	-	-	-	right:x=0.50,y=0.52	right=15
⿻⿱一{43}丨	-	-	8.5	-	-	-	top:x=0.51,y=0.48	top=15
⿸辰寸	-	10	-	-	-	-	right:x=0.48,y=0.53	right=15
眉	7.8	9.9	-	-	-	-	left:x=0.47,y=0.52 right:x=0.46,y=0.52	right=12 left=3
遂	-	10.5	-	-	-	-	right:x=0.49,y=0.50	right=15
串	-	9.1	10.1	10.9	-	-	right:x=0.50,y=0.50 top:x=0.51,y=0.49 bottom:x=0.50,y=0.51	top=8 bottom=4 right=3
毌	-	-	5.5	-	-	-	top:x=0.51,y=0.50	top=15
武	7.6	9.7	-	-	-	-	left:x=0.49,y=0.49 right:x=0.50,y=0.50	right=12 left=3
𫵖	8.3	-	-	-	-	-	left:x=0.49,y=0.52	left=15
⿶凵人	-	-	-	8.9	-	-	bottom:x=0.50,y=0.51	bottom=15
𠃓	-	9.7	-	-	-	-	right:x=0.49,y=0.52	right=15
囚	-	-	7.8	-	-	-	top:x=0.50,y=0.49	top=15
欮	-	-	-	-	-	-	inner:x=0.48,y=0.47	inner=15
𣦼	-	-	7.7	-	-	-	top:x=0.50,y=0.51	top=15
后	-	9.8	-	-	-	-	right:x=0.47,y=0.51	right=14
如	-	10.3	7.9	-	-	-	right:x=0.47,y=0.49 top:x=0.47,y=0.50	top=10 right=5
豦	10.2	10.4	-	-	-	-	left:x=0.47,y=0.50 right:x=0.49,y=0.50 inner:x=0.45,y=0.53	left=3 right=8 inner=4
尋	8.3	10.2	-	-	-	-	left:x=0.48,y=0.52 right:x=0.51,y=0.52	right=12 left=3
了	-	7.5	-	7.5	-	-	right:x=0.50,y=0.54 bottom:x=0.49,y=0.54	bottom=10 right=4
烏	-	9.7	-	-	-	-	right:x=0.48,y=0.50	right=14
⿴北口	-	-	-	-	-	-	middle:x=0.50,y=0.50	middle=14
⿵⿰丿⿳𠃍𠃍𠃌灬	-	-	-	10.4	-	-	bottom:x=0.47,y=0.51	bottom=14
久	-	9.1	-	7.6	-	-	right:x=0.49,y=0.50 bottom:x=0.51,y=0.50 inner:x=0.47,y=0.48	bottom=4 right=7 inner=3
翕	7.9	10.5	-	-	-	-	left:x=0.49,y=0.50 right:x=0.51,y=0.49	right=11 left=3
聶	-	10.2	-	-	-	-	right:x=0.50,y=0.52	right=14
昬	-	9.5	-	-	-	-	right:x=0.51,y=0.52	right=14
閒	-	9.9	-	-	-	-	right:x=0.49,y=0.52	right=14
埶	-	-	8.9	11.1	-	-	top:x=0.51,y=0.49 bottom:x=0.52,y=0.50	top=9 bottom=5
亲	7.6	-	-	-	-	-	left:x=0.48,y=0.49	left=14
𢼸	-	11.6	-	-	-	-	right:x=0.50,y=0.50	right=14
𡵂	7.6	-	-	-	-	-	left:x=0.55,y=0.48	left=14
斦	-	-	6.1	-	-	-	top:x=0.50,y=0.48	top=14
棥	-	-	8.4	-	-	-	top:x=0.49,y=0.48	top=14
苟	7.7	-	-	-	-	-	left:x=0.52,y=0.48	left=14
戎	-	9.3	-	-	-	-	right:x=0.52,y=0.50	right=14
寧	-	10.5	-	-	-	-	right:x=0.51,y=0.49	right=14
本	-	9	-	-	-	-	right:x=0.49,y=0.50	right=14
宅	-	9.6	-	-	-	-	right:x=0.50,y=0.49	right=14
羅	-	10.6	-	11.7	-	-	right:x=0.50,y=0.53 bottom:x=0.51,y=0.51	right=11 bottom=3
雔	-	-	9	7.9	-	-	top:x=0.49,y=0.48 bottom:x=0.49,y=0.50	top=10 bottom=4
夹	7.3	9.9	-	-	-	-	left:x=0.47,y=0.49 right:x=0.49,y=0.50	right=10 left=4
叒	-	-	9.2	-	-	-	top:x=0.50,y=0.53	top=14
秦	-	9.8	-	-	-	-	right:x=0.50,y=0.50	right=14
雷	-	9.4	-	-	-	-	left:x=0.50,y=0.52 right:x=0.50,y=0.53	right=10 left=4
巂	-	9.5	-	-	-	-	right:x=0.48,y=0.50	right=14
夅	-	9.6	-	-	-	-	right:x=0.51,y=0.50	right=14
⿳㇒⿻⿳一⿴囗丷一丨一	-	-	11.9	-	-	-	top:x=0.51,y=0.49	top=14
仓	7.8	9.6	-	-	-	-	left:x=0.46,y=0.49 right:x=0.49,y=0.48	right=11 left=3
⿱二{25}	-	-	-	-	-	-	inner:x=0.46,y=0.20	inner=14
豐	8	11.5	-	12.4	-	-	left:x=0.50,y=0.49 right:x=0.51,y=0.49 bottom:x=0.50,y=0.50	right=4 bottom=3 left=7
奥	-	9.9	-	-	-	-	right:x=0.50,y=0.50	right=14
戉	-	9.2	-	-	-	-	right:x=0.52,y=0.50 inner:x=0.43,y=0.53	right=10 inner=3
⿰⿱一⿵冂丶⿱一⿵冂丶	-	-	5.6	-	-	-	top:x=0.52,y=0.59	top=14
⿰𱼀犬	-	-	11.1	-	-	-	top:x=0.50,y=0.49	top=13
雍	-	10.6	8.8	-	-	-	right:x=0.49,y=0.49 top:x=0.50,y=0.48	right=6 top=7
嚴	-	10.5	-	-	-	-	right:x=0.50,y=0.52	right=13
豖	-	10.1	-	-	-	-	right:x=0.51,y=0.53 inner:x=0.48,y=0.50	right=10 inner=3
胃	-	9.4	-	-	-	-	right:x=0.49,y=0.52	right=13
{38}	-	-	4.4	-	-	-	top:x=0.50,y=0.52	top=13
臿	-	9.6	-	-	-	-	right:x=0.52,y=0.51	right=13
⿱业𦍌	8.9	-	-	-	-	-	left:x=0.50,y=0.48	left=13
𡬠	-	-	-	8	-	-	bottom:x=0.51,y=0.52	bottom=13
敬	-	10.7	8.3	-	-	-	right:x=0.50,y=0.50 top:x=0.50,y=0.48	top=7 right=6
妾	-	10.2	-	9.4	-	-	right:x=0.51,y=0.50 bottom:x=0.50,y=0.48	right=9 bottom=4
保	-	10.2	8.8	-	-	-	right:x=0.49,y=0.50 top:x=0.50,y=0.49	right=8 top=5
袁	-	10.1	-	-	-	-	right:x=0.48,y=0.50 inner:x=0.45,y=0.50	right=9 inner=4
暴	-	10.3	-	-	-	-	right:x=0.49,y=0.52	right=13
困	-	9.9	-	-	-	-	right:x=0.49,y=0.53	right=13
蚤	-	9.6	-	-	-	-	right:x=0.50,y=0.52 inner:x=0.45,y=0.56	right=10 inner=3
𭴘	-	-	10.2	-	-	-	top:x=0.51,y=0.50	top=13
乏	-	9.3	-	9.5	-	-	right:x=0.49,y=0.51 bottom:x=0.50,y=0.50	bottom=3 right=10
隺	7.3	9.4	-	-	-	-	left:x=0.47,y=0.50 right:x=0.48,y=0.50	right=10 left=3
矣	-	10	-	-	-	-	right:x=0.50,y=0.50	right=13
强	-	10.2	8.3	-	-	-	right:x=0.51,y=0.50 top:x=0.51,y=0.51	right=9 top=4
肉	-	-	-	7.9	-	-	bottom:x=0.50,y=0.50	bottom=13
歲	8.5	10.2	-	-	-	-	left:x=0.49,y=0.49 right:x=0.49,y=0.50	right=10 left=3
尉	-	10.1	8.7	10.6	-	-	right:x=0.50,y=0.50 top:x=0.50,y=0.49 bottom:x=0.50,y=0.51	right=3 bottom=4 top=6
黍	6.7	-	-	-	-	-	left:x=0.48,y=0.50	left=13
齿	7.3	-	-	-	-	-	left:x=0.49,y=0.49	left=13
𰃮	-	-	5.9	-	-	-	top:x=0.50,y=0.48	top=13
戊	-	9.7	-	-	⿵4,4,8,0	-	right:x=0.48,y=0.50	right=3 ⿵=10
匋	-	10	-	-	-	-	right:x=0.47,y=0.50	right=13
𡭔	-	-	5	-	-	-	top:x=0.50,y=0.48	top=13
𤯔	-	-	-	8.6	-	-	bottom:x=0.49,y=0.49	bottom=12
卂	-	9.3	-	8.1	-	-	right:x=0.52,y=0.53 bottom:x=0.52,y=0.52	right=9 bottom=4
买	-	-	-	11.1	-	-	bottom:x=0.50,y=0.51	bottom=12
爽	7.6	10.4	-	-	-	-	left:x=0.50,y=0.50 right:x=0.50,y=0.50	left=3 right=10
𥁕	-	9.6	-	-	-	-	right:x=0.47,y=0.51	right=12
才	-	8.3	-	-	-	-	right:x=0.50,y=0.50 inner:x=0.48,y=0.44	right=8 inner=4
𠦂	-	-	-	7.6	-	-	bottom:x=0.51,y=0.51	bottom=12
⿱日⺝	7.1	-	-	-	-	-	left:x=0.45,y=0.50	left=12
升	-	9.7	-	8.5	-	-	right:x=0.49,y=0.51 bottom:x=0.51,y=0.52	right=7 bottom=5
友	-	9.7	-	9.6	-	-	right:x=0.46,y=0.50 bottom:x=0.48,y=0.51	bottom=9 right=3
𦔮	-	9.7	-	-	-	-	right:x=0.51,y=0.53	right=12
苗	-	9.5	-	-	-	-	right:x=0.51,y=0.50	right=12
追	-	9.9	-	-	-	-	right:x=0.49,y=0.50	right=12
疑	-	10.7	-	11.7	-	-	right:x=0.51,y=0.50 bottom:x=0.50,y=0.50	right=8 bottom=4
禹	-	9.5	-	-	-	-	right:x=0.48,y=0.50	right=12
查	-	9.6	-	-	-	-	right:x=0.51,y=0.48	right=12
虘	8.1	9.9	-	-	-	-	left:x=0.48,y=0.49 right:x=0.48,y=0.49	right=8 left=4
佰	-	-	-	11.4	-	-	bottom:x=0.47,y=0.51	bottom=12
孖	-	-	-	9.1	-	-	bottom:x=0.46,y=0.53	bottom=12
㚅	-	9.9	-	-	-	-	right:x=0.50,y=0.48	right=12
参	-	9.6	-	-	-	-	right:x=0.50,y=0.49	right=12
乔	-	9.3	-	-	-	-	right:x=0.51,y=0.51	right=12
寿	-	9.8	-	-	-	-	right:x=0.47,y=0.50	right=12
㝵	-	9.2	-	-	-	-	right:x=0.51,y=0.52	right=12
采	-	9.9	-	-	-	-	right:x=0.49,y=0.51	right=12
素	-	10	-	-	-	-	right:x=0.49,y=0.50	right=12
弁	-	9.7	-	11.1	-	-	right:x=0.48,y=0.50 bottom:x=0.50,y=0.48	right=7 bottom=5
关	8.7	9.5	-	-	-	-	left:x=0.44,y=0.50 right:x=0.50,y=0.50	right=9 left=3
隋	-	10.3	9.9	-	-	-	right:x=0.52,y=0.50 top:x=0.51,y=0.49	top=5 right=7
桑	8	9.8	-	-	-	-	left:x=0.50,y=0.52 right:x=0.49,y=0.52	left=3 right=9
𰯲	-	-	6.8	-	-	-	top:x=0.52,y=0.46	top=12
⿳𠂉丶罒	-	7.7	-	-	-	-	right:x=0.48,y=0.46	right=12
段	-	10.2	-	-	-	-	right:x=0.50,y=0.49	right=12
贵	-	9.7	-	-	-	-	right:x=0.50,y=0.50 inner:x=0.45,y=0.53	right=9 inner=3
間	-	10	-	11.2	-	-	right:x=0.48,y=0.52 bottom:x=0.50,y=0.51	bottom=4 right=8
亭	-	9.5	-	-	-	-	right:x=0.52,y=0.49	right=12
奉	-	9.8	-	-	-	-	right:x=0.50,y=0.50	right=12
賴	-	10.8	-	-	-	-	right:x=0.50,y=0.50	right=12
宾	-	10.1	-	-	-	-	right:x=0.50,y=0.49	right=12
妻	7.7	10.6	-	-	-	-	left:x=0.49,y=0.49 right:x=0.50,y=0.49	left=3 right=9
矍	-	9.9	-	-	-	-	right:x=0.51,y=0.52	right=12
⿱龷⺝	7.5	-	-	-	-	-	left:x=0.51,y=0.49	left=12
屋	-	9.9	-	-	-	-	right:x=0.48,y=0.52	right=12
嬰	-	10.2	-	-	-	-	right:x=0.50,y=0.52	right=12
憂	-	10.3	-	-	-	-	right:x=0.50,y=0.52	right=12
貞	-	9.2	-	-	-	-	right:x=0.47,y=0.50	right=12
惠	-	9.8	-	-	-	-	right:x=0.50,y=0.48	right=12
竟	-	10.1	-	-	-	-	right:x=0.47,y=0.50	right=12
𩰋	7.3	-	-	-	-	-	left:x=0.51,y=0.51	left=12
𩰊	-	7.7	-	-	-	-	right:x=0.49,y=0.51	right=12
式	-	9.5	-	-	-	-	right:x=0.51,y=0.50	right=12
愛	-	10.2	-	-	-	-	right:x=0.50,y=0.50	right=12
戠	-	9.9	-	-	-	-	right:x=0.52,y=0.49	right=12
𠂆	-	-	-	-	⿸4,2,0,0	-	-	⿸=12
臬	7.1	9.9	-	-	-	-	left:x=0.48,y=0.50 right:x=0.49,y=0.50	left=4 right=8
攸	-	-	7.7	11.2	-	-	top:x=0.49,y=0.49 bottom:x=0.50,y=0.50	top=8 bottom=4
虚	8.5	10.1	-	-	-	-	left:x=0.49,y=0.49 right:x=0.49,y=0.49	right=6 left=5
知	-	10	8	-	-	-	right:x=0.45,y=0.49 top:x=0.47,y=0.50	top=8 right=4
屬	-	10.5	-	-	-	-	right:x=0.45,y=0.52	right=12
𠂇	-	-	-	-	⿸4,6,0,0	-	-	⿸=11
𰀡	-	-	8.4	-	-	-	top:x=0.54,y=0.50	top=11
斯	-	10.9	-	-	-	-	right:x=0.50,y=0.50	right=11
充	-	9.8	-	-	-	-	right:x=0.47,y=0.50	right=11
乑	-	-	-	7.6	-	-	bottom:x=0.50,y=0.50	bottom=11
曳	-	9.5	-	-	-	-	right:x=0.51,y=0.50	right=11
戌	-	9.3	-	-	⿵3,6,7,0	-	right:x=0.48,y=0.49	right=4 ⿵=7
⿰亻⿴夂丶	-	-	-	11.9	-	-	bottom:x=0.49,y=0.51	bottom=11
⿴夂丶	-	10.4	-	-	-	-	right:x=0.49,y=0.51	right=11
某	-	9.7	-	-	-	-	right:x=0.50,y=0.50	right=11
另	8.4	9	-	-	-	-	left:x=0.43,y=0.52 right:x=0.44,y=0.53	left=7 right=4
集	-	9.8	-	-	-	-	right:x=0.50,y=0.50	right=11
考	-	9.7	-	-	-	-	right:x=0.48,y=0.50	right=11
秀	-	9.6	-	-	-	-	right:x=0.50,y=0.51	right=11
荅	-	9.8	-	-	-	-	right:x=0.50,y=0.50	right=11
質	-	9.9	-	-	-	-	right:x=0.50,y=0.50	right=11
⿴{11}丨	-	-	-	6.8	-	-	bottom:x=0.50,y=0.53	bottom=11
巟	-	10	-	11.4	-	-	right:x=0.50,y=0.50 bottom:x=0.50,y=0.49	right=3 bottom=8
⿳一由八	-	-	-	11.2	-	-	bottom:x=0.48,y=0.51	bottom=11
{80}	-	-	6.3	-	-	-	top:x=0.51,y=0.58	top=11
産	-	10.2	-	-	-	-	right:x=0.47,y=0.49	right=11
鬳	9.2	-	-	-	-	-	left:x=0.49,y=0.50	left=11
冒	7.6	8.8	-	-	-	-	left:x=0.51,y=0.52 right:x=0.50,y=0.52	left=3 right=8
旋	-	10.7	-	-	-	-	right:x=0.48,y=0.50	right=11
霍	-	10.3	-	-	-	-	right:x=0.50,y=0.52	right=11
休	-	10.2	-	-	-	-	right:x=0.50,y=0.50	right=11
会	-	9.9	-	-	-	-	right:x=0.50,y=0.49	right=11
黨	-	10.5	-	-	-	-	right:x=0.51,y=0.50	right=11
引	-	9.1	-	-	-	-	right:x=0.48,y=0.50	right=11
象	-	9.6	-	-	-	-	right:x=0.50,y=0.50	right=11
罔	-	9	-	-	-	-	right:x=0.49,y=0.53	right=11
𦈢	8.6	-	-	-	-	-	left:x=0.48,y=0.46	left=11
舍	6.7	10.2	-	-	-	-	left:x=0.47,y=0.49 right:x=0.50,y=0.50	left=5 right=6
解	-	10.4	-	-	-	-	right:x=0.50,y=0.50 inner:x=0.46,y=0.47	right=8 inner=3
仒	-	7.7	-	-	-	-	right:x=0.49,y=0.49	right=11
嗇	-	10	-	-	-	-	right:x=0.50,y=0.50	right=11
𠬤	-	9.5	-	-	-	-	right:x=0.51,y=0.53	right=11
⿱罒⿴{11}丨	-	-	-	-	-	-	middle:x=0.50,y=0.53	middle=11
鬥	-	-	-	-	⿵3,6,3,0	-	-	⿵=11
爲	-	10.3	-	-	-	-	right:x=0.47,y=0.50	right=11
牟	-	9.7	-	-	-	-	right:x=0.51,y=0.50	right=11
⿳宀一𣥂	-	-	8.4	-	-	-	top:x=0.48,y=0.48	top=11
𠪚	-	-	-	11.2	-	-	bottom:x=0.50,y=0.52	bottom=10
麃	-	10.7	-	-	-	-	right:x=0.48,y=0.50	right=10
卬	-	10.1	-	8.4	-	-	right:x=0.48,y=0.51 bottom:x=0.49,y=0.52	bottom=5 right=6
舄	-	10.4	-	12.1	-	-	right:x=0.47,y=0.50 bottom:x=0.47,y=0.50	bottom=8 right=3
亦	-	9.5	8	-	-	-	right:x=0.49,y=0.50 top:x=0.50,y=0.48	right=4 top=6
匡	-	9.4	-	-	-	-	right:x=0.52,y=0.51	right=10
戾	-	10.3	-	-	-	-	right:x=0.48,y=0.51	right=10
然	-	10.4	-	-	-	-	right:x=0.50,y=0.50	right=10
離	-	11.3	-	11.2	-	-	right:x=0.50,y=0.50 bottom:x=0.50,y=0.50	right=6 bottom=4
施	-	10.8	-	11.3	-	-	right:x=0.47,y=0.50 bottom:x=0.50,y=0.50	bottom=4 right=6
呙	-	9.3	-	-	-	-	right:x=0.49,y=0.52	right=10
耶	8	10.6	-	-	-	-	left:x=0.49,y=0.53 right:x=0.49,y=0.52	right=7 left=3
過	-	10.9	-	11.2	-	-	right:x=0.50,y=0.51 bottom:x=0.50,y=0.50	right=7 bottom=3
虖	-	10.2	-	-	-	-	right:x=0.47,y=0.50	right=10
封	-	-	7.8	11.2	-	-	top:x=0.50,y=0.49 bottom:x=0.50,y=0.51	top=7 bottom=3
展	-	9.3	-	-	-	-	right:x=0.47,y=0.52	right=10
微	-	10.5	-	11.4	-	-	right:x=0.50,y=0.50 bottom:x=0.50,y=0.51	right=6 bottom=4
褱	-	10.3	-	-	-	-	right:x=0.49,y=0.50	right=10
松	-	10.2	-	11.2	-	-	right:x=0.51,y=0.51 bottom:x=0.50,y=0.51	right=7 bottom=3
豪	-	10.3	-	-	-	-	right:x=0.51,y=0.49	right=10
賛	-	10	-	-	-	-	right:x=0.49,y=0.50	right=10
臾	-	9.7	-	-	-	-	right:x=0.49,y=0.51 inner:x=0.46,y=0.47	right=7 inner=3
禁	-	10.3	-	-	-	-	right:x=0.50,y=0.50	right=10
霝	-	9.1	9.4	-	-	-	right:x=0.51,y=0.52 top:x=0.50,y=0.51	top=7 right=3
晃	-	9.8	-	-	-	-	right:x=0.49,y=0.52	right=10
𬛸	7.2	10	-	-	-	-	left:x=0.49,y=0.48 right:x=0.50,y=0.48	left=6 right=4
名	-	9.4	-	-	-	-	right:x=0.46,y=0.50	right=10
⿻牛冂	9.2	-	-	-	-	-	left:x=0.46,y=0.50	left=10
𰕎	-	10.7	-	-	-	-	right:x=0.52,y=0.50	right=10
乎	-	9	-	-	-	-	right:x=0.51,y=0.51	right=10
盡	-	10.5	-	-	-	-	right:x=0.49,y=0.48	right=10
⿲𰀪丨⿱丶丶	-	-	-	9.6	-	-	bottom:x=0.49,y=0.52	bottom=10
臭	-	9.2	-	-	-	-	right:x=0.46,y=0.50	right=10
析	-	10.8	8.5	-	-	-	right:x=0.50,y=0.50 top:x=0.49,y=0.49	right=5 top=5
⿱𠂉矢	-	8.4	-	-	-	-	right:x=0.49,y=0.50	right=10
丞	-	8.9	9.5	-	-	-	right:x=0.50,y=0.50 top:x=0.50,y=0.49	right=4 top=6
咎	-	9.6	-	10	-	-	right:x=0.49,y=0.50 bottom:x=0.50,y=0.50	right=6 bottom=4
㞢	-	-	6.3	-	-	-	top:x=0.52,y=0.48	top=10
歨	-	10.6	-	-	-	-	right:x=0.49,y=0.49	right=10
明	-	-	8.5	10	-	-	top:x=0.49,y=0.51 bottom:x=0.50,y=0.52	top=6 bottom=4
尾	-	9.6	-	-	-	-	right:x=0.48,y=0.52	right=10
杀	7.1	-	-	-	-	-	left:x=0.48,y=0.50	left=10
⺼	5.3	-	-	-	-	-	left:x=0.46,y=0.53	left=10
弱	-	10	-	-	-	-	right:x=0.49,y=0.52	right=10
玨	-	-	7.3	-	-	-	top:x=0.50,y=0.54	top=10
爪	-	9.4	-	-	⿺8,0,0,4	-	right:x=0.49,y=0.51	right=7 ⿺=3
向	-	9.1	-	-	-	-	right:x=0.50,y=0.50	right=10
康	-	9.8	-	-	-	-	right:x=0.47,y=0.49	right=10
崩	-	10.2	-	-	-	-	right:x=0.47,y=0.50	right=10
𠂔	6.8	9.3	-	-	-	-	left:x=0.49,y=0.50 right:x=0.47,y=0.50	left=4 right=6
兩	-	9.5	-	-	-	-	right:x=0.51,y=0.53	right=10
四	-	9.4	-	-	-	-	right:x=0.50,y=0.53	right=10
𬀷	-	10	-	-	-	-	right:x=0.50,y=0.50	right=10
厄	-	9.9	-	-	-	-	right:x=0.48,y=0.53	right=10
𫜸	-	-	-	6.3	-	-	bottom:x=0.54,y=0.50	bottom=10
寅	-	9.3	-	10.7	-	-	right:x=0.47,y=0.50 bottom:x=0.50,y=0.49	bottom=3 right=7
戋	-	8.8	-	-	-	-	right:x=0.50,y=0.50	right=10
产	-	9.9	-	-	⿸4,8,0,0	-	right:x=0.48,y=0.50	right=3 ⿸=7
秝	-	-	-	-	-	-	inner:x=0.46,y=0.45	inner=10
{47}	-	-	-	-	⿹0,12,6,0	-	-	⿹=10
鼎	-	10.6	-	12	-	-	right:x=0.47,y=0.51 bottom:x=0.47,y=0.51	bottom=6 right=4
岡	-	9.3	-	-	-	-	right:x=0.49,y=0.52	right=10
𠤎	-	6.9	-	-	-	-	right:x=0.47,y=0.49 inner:x=0.45,y=0.43	right=4 inner=6
⿱干口	-	-	-	11	-	-	bottom:x=0.50,y=0.50	bottom=10
戒	-	10.2	-	-	-	-	right:x=0.52,y=0.50	right=10
氣	-	9.7	-	-	-	-	right:x=0.51,y=0.50	right=10
彦	7.4	10.1	-	-	-	-	left:x=0.48,y=0.49 right:x=0.48,y=0.49	left=3 right=6
扇	-	9.7	-	-	-	-	right:x=0.45,y=0.51	right=10
⺻	-	-	11	-	-	-	top:x=0.52,y=0.48	top=10
葛	-	10.2	-	-	-	-	right:x=0.49,y=0.50	right=10
廉	-	9.9	-	-	-	-	right:x=0.49,y=0.50	right=10
局	-	9.9	-	-	-	-	right:x=0.46,y=0.52	right=10
厲	-	9.9	-	-	-	-	right:x=0.48,y=0.52	right=10
乂	-	-	-	10	-	-	bottom:x=0.49,y=0.52	bottom=9
龸	-	-	6.2	-	-	-	top:x=0.50,y=0.48	top=9
𣥖	-	-	-	8	-	-	bottom:x=0.50,y=0.49	bottom=9
以	-	9.7	-	-	-	-	right:x=0.51,y=0.52	right=9
栗	-	10.3	-	-	-	-	right:x=0.50,y=0.53	right=9
畜	-	10.2	-	-	-	-	right:x=0.51,y=0.50	right=9
榮	-	10.1	-	-	-	-	right:x=0.50,y=0.50	right=9
節	-	10.4	-	-	-	-	right:x=0.50,y=0.50	right=9
威	-	10.2	-	-	-	-	right:x=0.48,y=0.50	right=9
感	-	9.9	-	-	-	-	right:x=0.50,y=0.49	right=9
䖒	9.3	-	-	-	-	-	left:x=0.48,y=0.49	left=9
囊	-	10.7	-	-	-	-	right:x=0.49,y=0.49	right=9
奎	-	10	-	-	-	-	right:x=0.51,y=0.48	right=9
邕	7	9.9	-	-	-	-	left:x=0.47,y=0.48 right:x=0.50,y=0.49	right=5 left=4
宿	-	9.9	-	-	-	-	right:x=0.48,y=0.50	right=9
犀	-	10.3	-	-	-	-	right:x=0.47,y=0.53	right=9
對	-	10.2	-	-	-	-	right:x=0.51,y=0.51	right=9
靡	-	10.5	-	-	-	-	right:x=0.48,y=0.50	right=9
𣬉	-	9.3	-	-	-	-	right:x=0.52,y=0.49	right=9
𤰇	-	9.8	-	-	-	-	right:x=0.48,y=0.49	right=9
𠀗	-	-	5.4	-	-	-	top:x=0.51,y=0.47	top=9
否	-	9.5	-	-	-	-	right:x=0.51,y=0.53	right=9
㲎	-	-	-	8	-	-	bottom:x=0.50,y=0.50	bottom=9
乐	-	9.5	-	-	-	-	right:x=0.50,y=0.50	right=9
表	-	9.9	-	-	-	-	right:x=0.49,y=0.50	right=9
就	-	10.9	6.8	-	-	-	right:x=0.49,y=0.50 top:x=0.51,y=0.49	right=6 top=3
零	-	10.2	-	-	-	-	right:x=0.51,y=0.52	right=9
韯	-	10.5	-	-	-	-	right:x=0.51,y=0.50	right=9
爵	-	10.6	-	-	-	-	right:x=0.51,y=0.51	right=9
㑒	7.4	9.7	-	-	-	-	left:x=0.50,y=0.49 right:x=0.50,y=0.50	left=4 right=5
花	-	9.7	-	-	-	-	right:x=0.49,y=0.50	right=9
遀	-	10.5	-	-	-	-	right:x=0.49,y=0.49	right=9
卖	-	9.6	-	-	-	-	right:x=0.50,y=0.50	right=9
最	-	10.5	-	-	-	-	right:x=0.51,y=0.52	right=9
⿸⿹𦣻止巳	-	-	7.8	-	-	-	top:x=0.51,y=0.54	top=9
桀	-	10.2	-	-	-	-	right:x=0.50,y=0.51	right=9
甹	-	9.4	-	-	-	-	right:x=0.51,y=0.49	right=9
堅	-	9.9	-	-	-	-	right:x=0.51,y=0.51	right=9
散	-	10.1	-	-	-	-	right:x=0.51,y=0.49	right=9
志	-	9.8	-	-	-	-	right:x=0.50,y=0.48	right=9
則	-	9.8	-	11.2	-	-	right:x=0.45,y=0.50 bottom:x=0.47,y=0.51	bottom=3 right=6
貫	-	9.5	-	-	-	-	right:x=0.50,y=0.52	right=9
燕	-	10.2	-	-	-	-	right:x=0.51,y=0.50	right=9
幷	-	8.8	-	-	-	-	right:x=0.49,y=0.50 inner:x=0.45,y=0.46	right=6 inner=3
稟	-	10.4	-	-	-	-	right:x=0.49,y=0.50 inner:x=0.46,y=0.47	right=6 inner=3
岂	7.3	9.5	-	-	-	-	left:x=0.53,y=0.48 right:x=0.52,y=0.49	left=3 right=6
𠬝	-	8.1	-	-	-	-	right:x=0.55,y=0.52	right=9
欶	-	10.7	-	-	-	-	right:x=0.49,y=0.50 inner:x=0.46,y=0.53	right=6 inner=3
𲂻	-	-	8.5	-	-	-	top:x=0.49,y=0.53	top=9
𣪠	-	-	8.4	-	-	-	top:x=0.50,y=0.50	top=9
𨊥	7.5	-	-	-	-	-	left:x=0.50,y=0.48	left=9
兌	-	9.8	-	-	-	-	right:x=0.49,y=0.51	right=9
⿺𠃊目	-	-	-	-	-	-	middle:x=0.53,y=0.52	middle=9
⿻口一	-	-	-	-	-	-	middle:x=0.51,y=0.55	middle=9
厤	-	-	-	-	⿸10,10,0,0	-	-	⿸=9
⺆	-	-	-	-	⿵4,2,4,0	-	-	⿵=9
忩	-	9.9	-	-	-	-	right:x=0.50,y=0.50	right=8
⿴𦥑同	-	-	10.1	-	-	-	top:x=0.50,y=0.53	top=8
斥	-	9.3	-	-	-	-	right:x=0.48,y=0.51	right=8
茸	-	9.4	-	-	-	-	right:x=0.51,y=0.50	right=8
蘭	-	10.2	-	-	-	-	right:x=0.51,y=0.50	right=8
下	-	-	-	8.1	-	-	bottom:x=0.51,y=0.56	bottom=8
{113}	-	-	-	-	-	-	middle:x=0.50,y=0.50	middle=8
隽	-	10.2	-	-	-	-	right:x=0.47,y=0.50	right=8
桼	9.2	9.8	-	-	-	-	left:x=0.48,y=0.49 right:x=0.51,y=0.50	left=4 right=4
州	-	9.7	-	-	-	-	right:x=0.47,y=0.51	right=8
岑	-	9.6	-	-	-	-	right:x=0.51,y=0.50	right=8
夜	-	10.2	-	-	-	-	right:x=0.49,y=0.50	right=8
囷	-	9.3	-	-	-	-	right:x=0.49,y=0.53	right=8
忝	-	10.4	-	-	-	-	right:x=0.50,y=0.53	right=8
羔	-	9.8	-	-	-	-	right:x=0.47,y=0.50	right=8
郭	-	10.8	-	-	-	-	right:x=0.51,y=0.50	right=8
勾	-	8.9	-	-	-	-	right:x=0.46,y=0.50	right=8
伐	-	9.7	-	10.7	-	-	right:x=0.50,y=0.50 bottom:x=0.50,y=0.52	right=5 bottom=3
坒	-	9.8	-	-	-	-	right:x=0.49,y=0.49	right=8
肃	-	10.5	-	11.9	-	-	right:x=0.49,y=0.50 bottom:x=0.50,y=0.49	right=4 bottom=4
畱	-	10	-	-	-	-	right:x=0.50,y=0.52	right=8
𡿺	-	9.9	-	-	-	-	right:x=0.50,y=0.50	right=8
务	-	8	-	-	-	-	right:x=0.48,y=0.49	right=8
⿲月女凡	-	-	-	7.8	-	-	bottom:x=0.50,y=0.52	bottom=8
冝	-	-	-	7.2	-	-	bottom:x=0.50,y=0.49	bottom=8
𬌪	-	-	-	11.6	-	-	bottom:x=0.51,y=0.50	bottom=8
𢽠	-	11.4	-	-	-	-	right:x=0.51,y=0.49	right=8
𱖔	7.7	-	-	-	-	-	left:x=0.51,y=0.47	left=8
哥	8.1	9.4	-	-	-	-	left:x=0.50,y=0.53 right:x=0.51,y=0.53	left=3 right=5
⿱𠂉{15}	-	8.4	-	-	-	-	right:x=0.49,y=0.49	right=8
焉	-	10.2	-	-	-	-	right:x=0.50,y=0.53	right=8
憲	-	10.1	-	-	-	-	right:x=0.50,y=0.49	right=8
靈	8.4	10.3	-	-	-	-	left:x=0.50,y=0.51 right:x=0.50,y=0.51	right=5 left=3
夃	-	-	9	-	-	-	top:x=0.47,y=0.52	top=8
慧	-	10.2	-	-	-	-	right:x=0.50,y=0.49	right=8
敏	-	-	7.6	-	-	-	top:x=0.50,y=0.48	top=8
奐	-	10.3	-	-	-	-	right:x=0.49,y=0.50	right=8
制	-	10.9	7.7	-	-	-	right:x=0.47,y=0.50 top:x=0.47,y=0.49	right=5 top=3
昍	-	-	-	7.6	-	-	bottom:x=0.50,y=0.53	bottom=8
亙	-	9.6	-	-	-	-	right:x=0.48,y=0.52	right=8
朔	-	10.7	9.7	-	-	-	right:x=0.48,y=0.50 top:x=0.48,y=0.51	right=5 top=3
路	-	10.6	-	8.7	-	-	right:x=0.50,y=0.50 bottom:x=0.51,y=0.50	right=4 bottom=4
蓋	-	10.1	-	-	-	-	right:x=0.50,y=0.48	right=8
難	-	11.3	11.1	-	-	-	right:x=0.50,y=0.50 top:x=0.50,y=0.49	right=4 top=4
眞	7.3	9.7	-	-	-	-	left:x=0.49,y=0.50 right:x=0.48,y=0.50	left=4 right=4
卆	-	9.1	-	-	-	-	right:x=0.51,y=0.50	right=8
葉	-	9.9	-	-	-	-	right:x=0.50,y=0.50	right=8
截	-	9.8	-	11.8	-	-	right:x=0.50,y=0.50 bottom:x=0.51,y=0.51	right=5 bottom=3
圣	-	9	-	-	-	-	right:x=0.50,y=0.51	right=8
剌	-	10.3	-	-	-	-	right:x=0.45,y=0.50	right=8
孟	-	9.2	-	-	-	-	right:x=0.50,y=0.51	right=8
耆	-	9.8	-	-	-	-	right:x=0.48,y=0.50	right=8
⿱⿰{58}刀金	9.9	-	-	-	-	-	left:x=0.46,y=0.49	left=8
阿	-	10.1	-	-	-	-	right:x=0.52,y=0.52 inner:x=0.49,y=0.51	right=5 inner=3
刅	-	10.6	-	-	-	-	right:x=0.49,y=0.53	right=8
卸	-	11.2	-	-	-	-	right:x=0.48,y=0.49	right=8
遣	-	10.1	-	-	-	-	right:x=0.49,y=0.50	right=8
幵	-	9.3	5.3	-	-	-	right:x=0.48,y=0.53 top:x=0.50,y=0.54	top=3 right=5
长	-	9.6	-	-	-	-	right:x=0.51,y=0.51	right=8
存	-	9.9	-	-	-	-	right:x=0.48,y=0.50	right=8
齐	-	9.6	-	-	-	-	right:x=0.51,y=0.49	right=8
家	-	9.8	-	-	-	-	right:x=0.51,y=0.50	right=8
执	-	-	7.8	-	-	-	top:x=0.51,y=0.48	top=8
皀	6.8	-	-	-	-	-	left:x=0.51,y=0.46	left=8
國	-	10	-	-	-	-	right:x=0.49,y=0.52	right=8
{3}	-	-	3.7	-	-	-	top:x=0.36,y=0.46	top=8
{49}	5.6	-	-	-	-	-	left:x=0.47,y=0.50	left=8
军	-	10	-	-	-	-	right:x=0.51,y=0.53	right=8
條	-	10.1	-	11	-	-	right:x=0.49,y=0.50 bottom:x=0.50,y=0.49	right=5 bottom=3
倠	-	-	-	-	-	-	inner:x=0.44,y=0.44	inner=8
猒	-	-	-	-	-	-	inner:x=0.47,y=0.22	inner=8
⿴{11}幺	-	-	-	-	-	-	middle:x=0.49,y=0.50	middle=8
厃	-	-	-	-	⿸4,4,0,0	-	-	⿸=8
𠚍	-	-	11.1	-	-	-	top:x=0.56,y=0.50	top=8
狊	7.4	9.7	-	-	-	-	left:x=0.48,y=0.53 right:x=0.49,y=0.52	right=5 left=3
突	-	10.1	-	-	-	-	right:x=0.50,y=0.50	right=8
𠁳	-	-	8.2	-	-	-	top:x=0.50,y=0.46	top=8
丽	9.2	9.4	-	-	-	-	left:x=0.49,y=0.53 right:x=0.51,y=0.53	right=4 left=3
𢼄	-	-	8.7	-	-	-	top:x=0.50,y=0.50	top=8
夒	-	10.4	-	13.7	-	-	right:x=0.52,y=0.52 bottom:x=0.51,y=0.51	right=3 bottom=4
𰥍	-	-	-	11.4	-	-	bottom:x=0.50,y=0.50	bottom=8
厓	-	10.3	-	-	-	-	right:x=0.47,y=0.53	right=8
弄	-	9.9	-	-	-	-	right:x=0.48,y=0.53	right=7
密	-	10.3	-	-	-	-	right:x=0.51,y=0.49	right=7
𱐔	-	-	7.5	-	-	-	top:x=0.49,y=0.55	top=7
⿰𠂤辛	-	-	-	11.1	-	-	bottom:x=0.52,y=0.51	bottom=7
尒	-	9.2	-	11	-	-	right:x=0.50,y=0.49 bottom:x=0.50,y=0.50	bottom=3 right=4
受	-	10.1	-	-	-	-	right:x=0.51,y=0.50	right=7
奈	-	10	-	-	-	-	right:x=0.50,y=0.49	right=7
悉	-	10	-	-	-	-	right:x=0.49,y=0.50	right=7
畫	-	10.4	-	-	-	-	right:x=0.51,y=0.49	right=7
宏	-	9.6	-	-	-	-	right:x=0.48,y=0.50	right=7
号	6.5	-	-	-	-	-	left:x=0.51,y=0.52	left=7
朶	-	9.6	-	-	-	-	right:x=0.49,y=0.52	right=7
庄	-	9.3	-	-	-	-	right:x=0.50,y=0.49	right=7
朵	-	9.7	-	-	-	-	right:x=0.49,y=0.52	right=7
羌	-	10	-	-	-	-	right:x=0.50,y=0.50	right=7
华	-	9.6	-	-	-	-	right:x=0.50,y=0.50	right=7
洰	-	-	8.2	-	-	-	top:x=0.49,y=0.52	top=7
罙	-	9.9	-	-	-	-	right:x=0.49,y=0.53	right=7
匿	-	10.2	10.5	-	-	-	right:x=0.51,y=0.50 top:x=0.51,y=0.51	right=4 top=3
⿲火言火	-	-	9.5	-	-	-	top:x=0.51,y=0.48	top=7
忽	-	10.4	-	-	-	-	right:x=0.50,y=0.49	right=7
𡱒	7.9	-	-	-	-	-	left:x=0.48,y=0.51	left=7
睿	8.4	10	-	-	-	-	left:x=0.49,y=0.50 right:x=0.50,y=0.50	left=3 right=4
晋	-	10	-	-	-	-	right:x=0.51,y=0.53	right=7
𠂢	-	9.6	-	-	-	-	right:x=0.49,y=0.50	right=7
负	-	7.7	-	-	-	-	right:x=0.48,y=0.50	right=7
畟	-	9.8	-	-	-	-	right:x=0.49,y=0.52	right=7
达	-	10	-	-	-	-	right:x=0.51,y=0.49	right=7
⿱𠂉子	-	8	-	-	-	-	right:x=0.48,y=0.50	right=7
䩗	-	-	-	8.8	-	-	bottom:x=0.47,y=0.52	bottom=7
农	-	10.2	-	-	-	-	right:x=0.50,y=0.50	right=7
⿱⿴𦥑同冖	-	-	8	-	-	-	top:x=0.50,y=0.50	top=7
忍	-	9.6	-	-	-	-	right:x=0.50,y=0.52	right=7
册	-	10.1	-	-	-	-	right:x=0.50,y=0.52	right=7
孱	-	10.4	-	-	-	-	right:x=0.49,y=0.52	right=7
秃	7.3	-	-	-	-	-	left:x=0.49,y=0.51	left=7
兮	-	9.6	9.4	-	-	-	right:x=0.50,y=0.50 top:x=0.50,y=0.48	top=3 right=4
察	-	9.9	-	-	-	-	right:x=0.50,y=0.49	right=7
罷	-	9.9	-	-	-	-	right:x=0.51,y=0.52	right=7
互	-	10.1	-	-	-	-	right:x=0.49,y=0.52	right=7
专	-	9.4	-	-	-	-	right:x=0.50,y=0.50	right=7
患	-	9.8	-	-	-	-	right:x=0.49,y=0.49	right=7
養	-	10.2	-	-	-	-	right:x=0.50,y=0.50	right=7
客	-	10	-	-	-	-	right:x=0.49,y=0.50	right=7
伏	-	9.9	-	-	-	-	right:x=0.49,y=0.50	right=7
度	-	9.4	-	-	-	-	right:x=0.48,y=0.49	right=7
聂	-	10.7	-	-	-	-	right:x=0.50,y=0.52	right=7
𫢉	-	7.9	-	-	-	-	right:x=0.49,y=0.50	right=7
脊	7.2	9.6	-	-	-	-	left:x=0.50,y=0.49 right:x=0.49,y=0.50	left=3 right=4
規	-	10.4	8.5	-	-	-	right:x=0.49,y=0.51 top:x=0.50,y=0.51	right=4 top=3
⿻土丷	-	-	7.1	-	-	-	top:x=0.50,y=0.44	top=7
来	-	10.5	-	-	-	-	right:x=0.50,y=0.50	right=7
奔	-	10.2	-	-	-	-	right:x=0.51,y=0.50	right=7
责	-	9.7	-	-	-	-	right:x=0.49,y=0.50	right=7
楚	-	10.4	-	-	-	-	right:x=0.49,y=0.50	right=7
爭	-	10	-	-	-	-	right:x=0.51,y=0.50	right=7
奏	-	10.1	-	-	-	-	right:x=0.51,y=0.50	right=7
劳	-	9.8	-	-	-	-	right:x=0.50,y=0.49	right=7
魯	-	9.7	-	-	-	-	right:x=0.50,y=0.50	right=7
卢	-	9.6	-	-	-	-	right:x=0.47,y=0.50	right=7
𪧷	-	10.4	-	-	-	-	right:x=0.52,y=0.49	right=7
戢	-	10.7	-	11.8	-	-	right:x=0.50,y=0.50 bottom:x=0.51,y=0.52	bottom=3 right=4
𦍒	-	-	-	-	-	-	inner:x=0.44,y=0.53	inner=7
𰤷	-	-	-	-	-	-	inner:x=0.46,y=0.40	inner=7
𰧭	7.6	-	-	-	-	-	left:x=0.49,y=0.49	left=7
𧴪	-	9.7	-	-	-	-	right:x=0.48,y=0.50	right=7
㹜	-	-	-	8.4	-	-	bottom:x=0.50,y=0.50	bottom=7
仑	-	10	-	-	-	-	right:x=0.49,y=0.48	right=6
函	-	9.7	-	-	-	-	right:x=0.49,y=0.52	right=6
冄	-	9.1	-	-	-	-	right:x=0.51,y=0.53	right=6
獻	-	10.8	-	-	-	-	right:x=0.49,y=0.50	right=6
息	-	9.6	-	-	-	-	right:x=0.50,y=0.49	right=6
閻	-	10.3	-	-	-	-	right:x=0.49,y=0.52	right=6
奠	9.3	9.8	-	-	-	-	left:x=0.47,y=0.50 right:x=0.49,y=0.50	left=4 right=3
{46}	-	-	-	9.2	-	-	bottom:x=0.56,y=0.51	bottom=6
䙲	-	-	12.3	-	-	-	top:x=0.49,y=0.52	top=6
⿱一⿻口人	-	-	-	12.3	-	-	bottom:x=0.50,y=0.51	bottom=6
𭃂	8.2	-	-	-	-	-	left:x=0.42,y=0.53	left=6
著	-	9.6	-	-	-	-	right:x=0.49,y=0.50	right=6
射	-	10.8	-	-	-	-	right:x=0.50,y=0.50	right=6
𡴎	7.1	-	-	-	-	-	left:x=0.48,y=0.48	left=6
冗	-	10.2	-	-	-	-	right:x=0.49,y=0.54	right=6
圼	-	9.9	-	-	-	-	right:x=0.48,y=0.50	right=6
𬙙	-	9.6	-	-	-	-	right:x=0.48,y=0.53	right=6
臺	-	10.2	-	-	-	-	right:x=0.49,y=0.48	right=6
衮	-	10.2	-	-	-	-	right:x=0.48,y=0.49	right=6
夢	-	10.1	-	-	-	-	right:x=0.51,y=0.50	right=6
𡉀	-	-	-	7.3	-	-	bottom:x=0.45,y=0.44	bottom=6
𣅀	-	-	9.3	-	-	-	top:x=0.50,y=0.49	top=6
员	-	9.8	-	-	-	-	right:x=0.47,y=0.52	right=6
叜	-	8.9	-	-	-	-	right:x=0.49,y=0.50	right=6
𤆌	-	-	-	12.1	-	-	bottom:x=0.50,y=0.51	bottom=6
便	-	9.8	-	-	-	-	right:x=0.49,y=0.51	right=6
迷	-	10.2	-	-	-	-	right:x=0.50,y=0.50	right=6
祟	7.6	-	-	-	-	-	left:x=0.52,y=0.50	left=6
芒	-	9	-	-	-	-	right:x=0.51,y=0.48	right=6
莽	-	9.9	-	-	-	-	right:x=0.52,y=0.50	right=6
閏	-	9.9	-	-	-	-	right:x=0.50,y=0.52	right=6
荒	-	10.2	-	-	-	-	right:x=0.50,y=0.50	right=6
刑	-	10	-	-	-	-	right:x=0.46,y=0.51	right=6
屑	-	10.1	-	-	-	-	right:x=0.44,y=0.52	right=6
𠂑	7.8	-	-	-	-	-	left:x=0.48,y=0.51	left=6
卪	-	6.9	-	-	-	-	right:x=0.49,y=0.54	right=6
𠯭	-	-	-	12	-	-	bottom:x=0.49,y=0.53	bottom=6
毳	-	10.3	10.1	-	-	-	right:x=0.50,y=0.49 top:x=0.50,y=0.50	top=3 right=3
皃	-	8.6	-	-	-	-	right:x=0.49,y=0.50	right=6
戹	-	10	-	-	-	-	right:x=0.47,y=0.51	right=6
匝	-	9.3	-	-	-	-	right:x=0.52,y=0.51	right=6
亨	-	9.9	-	-	-	-	right:x=0.51,y=0.49	right=6
波	-	-	8.4	-	-	-	top:x=0.50,y=0.49	top=6
閃	-	10.1	-	-	-	-	right:x=0.50,y=0.52	right=6
費	-	9.5	-	-	-	-	right:x=0.50,y=0.50	right=6
⿱𠘧口	-	8.7	-	-	-	-	right:x=0.50,y=0.52	right=6
邪	-	10.1	-	-	-	-	right:x=0.49,y=0.52	right=6
肴	-	9.6	-	-	-	-	right:x=0.49,y=0.50	right=6
索	-	9.7	-	-	-	-	right:x=0.49,y=0.49	right=6
逐	-	9.7	-	11.1	-	-	right:x=0.49,y=0.51 bottom:x=0.50,y=0.50	right=3 bottom=3
粟	-	10.3	-	-	-	-	right:x=0.50,y=0.52	right=6
𢗰	-	-	-	8	-	-	bottom:x=0.50,y=0.47	bottom=6
⿹⿻禾{97}丂	-	-	-	9.2	-	-	bottom:x=0.50,y=0.52	bottom=6
宰	-	9.2	-	-	-	-	right:x=0.50,y=0.50	right=6
彭	-	10.3	-	-	-	-	right:x=0.50,y=0.50	right=6
諸	-	10.1	-	-	-	-	right:x=0.51,y=0.50	right=6
臧	-	-	-	11.7	-	-	bottom:x=0.52,y=0.51	bottom=6
屏	-	10.5	-	-	-	-	right:x=0.46,y=0.52	right=6
蚩	-	10	-	-	-	-	right:x=0.51,y=0.50	right=6
雩	-	9.8	-	-	-	-	right:x=0.51,y=0.52	right=6
墨	-	10.1	-	-	-	-	right:x=0.50,y=0.51	right=6
広	-	9.6	-	-	-	-	right:x=0.47,y=0.50	right=6
科	-	10	-	11.5	-	-	right:x=0.50,y=0.51 bottom:x=0.50,y=0.51	bottom=3 right=3
霜	-	10.1	-	-	-	-	right:x=0.48,y=0.52	right=6
臯	-	10	-	-	-	-	right:x=0.51,y=0.50	right=6
親	-	10.8	-	-	-	-	right:x=0.50,y=0.50	right=6
臱	-	10.3	-	-	-	-	right:x=0.46,y=0.49 inner:x=0.44,y=0.53	right=3 inner=3
邦	-	10.2	-	-	-	-	right:x=0.51,y=0.50	right=6
溥	-	-	-	12.2	-	-	bottom:x=0.49,y=0.49	bottom=6
厘	-	9.8	-	-	-	-	right:x=0.48,y=0.52	right=6
普	-	9.3	-	-	-	-	right:x=0.51,y=0.50	right=6
⿺元攴	-	-	-	11.7	-	-	bottom:x=0.50,y=0.51	bottom=6
贞	-	9.1	-	-	-	-	right:x=0.47,y=0.50	right=6
两	-	10.4	-	11.3	-	-	right:x=0.51,y=0.54 bottom:x=0.50,y=0.52	right=3 bottom=3
慮	-	10.7	-	-	-	-	right:x=0.48,y=0.49	right=6
助	-	9.7	-	10.7	-	-	right:x=0.46,y=0.50 bottom:x=0.48,y=0.52	bottom=3 right=3
伊	7.7	10.8	-	-	-	-	left:x=0.52,y=0.50 right:x=0.50,y=0.51	right=3 left=3
国	-	9.7	-	-	-	-	right:x=0.50,y=0.52	right=6
弇	-	9.7	-	-	-	-	right:x=0.50,y=0.50	right=6
鲁	-	10.2	-	-	-	-	right:x=0.49,y=0.50	right=6
覽	-	10.3	-	-	-	-	right:x=0.49,y=0.50	right=6
𠧗	-	9	-	-	-	-	right:x=0.51,y=0.50	right=6
当	-	9.4	-	-	-	-	right:x=0.47,y=0.49	right=6
𡕥	-	-	-	12.5	-	-	bottom:x=0.49,y=0.51	bottom=6
壯	-	-	8.1	-	-	-	top:x=0.50,y=0.48	top=6
美	-	9.3	-	-	-	-	right:x=0.49,y=0.50	right=6
卞	-	9.5	-	-	-	-	right:x=0.51,y=0.50	right=6
市	-	9	-	-	-	-	right:x=0.52,y=0.49 inner:x=0.50,y=0.44	right=3 inner=3
连	-	10.3	-	-	-	-	right:x=0.50,y=0.49	right=6
雪	-	8.6	-	-	-	-	right:x=0.51,y=0.52	right=6
⿱白小	-	-	-	-	-	-	inner:x=0.44,y=0.45	inner=6
厭	-	-	-	-	⿸2,8,0,0	-	-	⿸=6
𢛳	-	9.2	-	-	-	-	right:x=0.49,y=0.49	right=6
⿺𠂇丶	-	-	-	-	⿸6,6,0,0	-	-	⿸=6
戲	-	11	-	-	-	-	right:x=0.48,y=0.50	right=6
𮅕	-	-	11.8	-	-	-	top:x=0.50,y=0.49	top=5
旧	-	-	-	8.6	-	-	bottom:x=0.50,y=0.51	bottom=5
樊	-	-	10.3	-	-	-	top:x=0.50,y=0.49	top=5
东	-	9.9	-	-	-	-	right:x=0.49,y=0.49	right=5
那	-	10.8	-	-	-	-	right:x=0.48,y=0.53	right=5
坚	-	10	-	-	-	-	right:x=0.50,y=0.49	right=5
季	-	10.2	-	-	-	-	right:x=0.50,y=0.51	right=5
罗	-	9.8	-	-	-	-	right:x=0.48,y=0.53	right=5
疾	-	10.4	-	-	-	-	right:x=0.49,y=0.50	right=5
貳	-	10.3	-	-	-	-	right:x=0.50,y=0.50	right=5
嶲	-	9.9	-	-	-	-	right:x=0.47,y=0.50	right=5
應	-	11.5	-	-	-	-	right:x=0.49,y=0.50	right=5
蠡	-	10.5	-	-	-	-	right:x=0.50,y=0.49	right=5
絜	-	10.7	-	-	-	-	right:x=0.49,y=0.51	right=5
𥃲	-	-	-	11.5	-	-	bottom:x=0.49,y=0.51	bottom=5
砳	-	-	-	6.5	-	-	bottom:x=0.45,y=0.44	bottom=5
⿱夂貢	-	7.6	-	-	-	-	right:x=0.50,y=0.50	right=5
寻	-	10	-	-	-	-	right:x=0.51,y=0.52	right=5
省	-	10.3	-	-	-	-	right:x=0.50,y=0.50	right=5
龵	6.3	-	-	-	-	-	left:x=0.51,y=0.51	left=5
窒	-	9.8	-	-	-	-	right:x=0.51,y=0.48	right=5
答	-	10.2	-	-	-	-	right:x=0.50,y=0.50	right=5
鄉	-	-	8.5	-	-	-	top:x=0.50,y=0.48	top=5
慈	-	10.2	-	-	-	-	right:x=0.50,y=0.49	right=5
艾	-	9.7	-	-	-	-	right:x=0.48,y=0.50	right=5
脅	-	10.1	-	-	-	-	right:x=0.50,y=0.50	right=5
僕	-	10.8	-	-	-	-	right:x=0.48,y=0.50	right=5
奂	-	10.3	-	-	-	-	right:x=0.49,y=0.50	right=5
炭	-	9.8	-	-	-	-	right:x=0.49,y=0.50	right=5
𮂱	-	-	6.8	-	-	-	top:x=0.50,y=0.49	top=5
務	-	-	9.3	-	-	-	top:x=0.50,y=0.49	top=5
嬴	-	10.8	-	-	-	-	right:x=0.50,y=0.49	right=5
隆	-	-	-	11.9	-	-	bottom:x=0.53,y=0.50	bottom=5
黎	-	10.2	-	-	-	-	right:x=0.51,y=0.50	right=5
弦	-	10.2	-	-	-	-	right:x=0.51,y=0.50	right=5
渠	-	9.8	-	-	-	-	right:x=0.50,y=0.50	right=5
冈	-	9.2	-	-	-	-	right:x=0.49,y=0.53	right=5
盈	-	9.9	-	-	-	-	right:x=0.49,y=0.51	right=5
致	-	10.4	-	-	-	-	right:x=0.51,y=0.50	right=5
监	-	10.3	-	-	-	-	right:x=0.49,y=0.48	right=5
雙	-	10.2	-	-	-	-	right:x=0.49,y=0.50	right=5
⿲月羊凡	-	-	-	7.8	-	-	bottom:x=0.49,y=0.52	bottom=5
男	-	9.5	-	-	-	-	right:x=0.45,y=0.52	right=5
恆	-	10.5	-	-	-	-	right:x=0.50,y=0.50	right=5
𣎾	-	-	-	11.1	-	-	bottom:x=0.50,y=0.52	bottom=5
虜	-	9.5	-	-	-	-	right:x=0.48,y=0.50	right=5
羲	-	10.5	-	-	-	-	right:x=0.52,y=0.50	right=5
急	-	10.4	-	-	-	-	right:x=0.48,y=0.48	right=5
𥁑	-	9.7	-	-	-	-	right:x=0.51,y=0.48	right=5
族	-	10.5	-	-	-	-	right:x=0.50,y=0.50	right=5
聚	-	9.6	-	-	-	-	right:x=0.50,y=0.52	right=5
藏	-	10.7	-	-	-	-	right:x=0.52,y=0.50	right=5
營	-	10.2	-	-	-	-	right:x=0.52,y=0.49	right=5
㼌	-	-	-	10	-	-	bottom:x=0.50,y=0.50	bottom=5
率	-	9.8	-	-	-	-	right:x=0.50,y=0.50	right=5
切	-	10.6	-	-	-	-	right:x=0.49,y=0.51	right=5
奓	-	9.9	-	-	-	-	right:x=0.49,y=0.50	right=5
冀	-	10	-	-	-	-	right:x=0.48,y=0.51	right=5
須	-	-	8.8	-	-	-	top:x=0.50,y=0.52	top=5
背	-	9.7	-	-	-	-	right:x=0.50,y=0.50	right=5
造	-	10	-	-	-	-	right:x=0.49,y=0.50	right=5
脩	-	10.6	-	-	-	-	right:x=0.50,y=0.50	right=5
遺	-	10.9	-	-	-	-	right:x=0.50,y=0.50	right=5
刄	-	8.2	-	-	-	-	right:x=0.46,y=0.54	right=5
丵	-	-	7.7	-	-	-	top:x=0.51,y=0.52	top=5
鬯	8.5	-	-	-	-	-	left:x=0.55,y=0.51	left=5
卝	-	-	3.9	-	-	-	top:x=0.50,y=0.46	top=5
飛	-	8.8	-	-	-	-	right:x=0.50,y=0.52	right=5
衰	-	10.4	-	-	-	-	right:x=0.49,y=0.49	right=5
蹇	-	10.1	-	-	-	-	right:x=0.51,y=0.49	right=5
界	-	9.9	-	-	-	-	right:x=0.48,y=0.52	right=5
駦	-	10.1	-	-	-	-	right:x=0.50,y=0.49	right=5
弘	-	9.5	-	-	-	-	right:x=0.50,y=0.51	right=5
宜	-	9.2	-	-	-	-	right:x=0.50,y=0.48	right=5
漸	-	-	8.1	-	-	-	top:x=0.50,y=0.49	top=5
无	-	9.9	-	-	-	-	right:x=0.46,y=0.53	right=5
发	-	9.5	-	-	-	-	right:x=0.49,y=0.50	right=5
厈	-	-	-	10.5	-	-	bottom:x=0.47,y=0.53	bottom=5
替	-	10	-	-	-	-	right:x=0.51,y=0.50	right=5
龜	-	10.2	-	-	-	-	right:x=0.51,y=0.48	right=5
卡	-	9.4	-	-	-	-	right:x=0.51,y=0.50	right=5
则	-	10.4	-	-	-	-	right:x=0.47,y=0.50	right=5
⿵入一	-	-	6.1	-	-	-	top:x=0.50,y=0.47	top=5
⿰⺝巜	-	-	-	8.9	-	-	bottom:x=0.53,y=0.53	bottom=5
巜	-	7.6	-	-	-	-	right:x=0.51,y=0.52	right=5
贲	-	10.3	-	-	-	-	right:x=0.51,y=0.50	right=5
粲	-	10.1	-	-	-	-	right:x=0.48,y=0.50	right=5
⿻一隹	-	-	-	12.5	-	-	bottom:x=0.48,y=0.50	bottom=5
𤰔	-	-	9.3	-	-	-	top:x=0.50,y=0.49	top=5
爱	-	10	-	-	-	-	right:x=0.47,y=0.51	right=5
匈	-	10.1	-	-	-	-	right:x=0.47,y=0.49	right=5
婴	-	10.4	-	-	-	-	right:x=0.50,y=0.52	right=5
徙	-	10.3	-	-	-	-	right:x=0.50,y=0.50	right=5
皐	-	10.2	-	-	-	-	right:x=0.51,y=0.50	right=5
商	-	9.9	-	-	-	-	right:x=0.50,y=0.50	right=5
𱥻	-	-	8	-	-	-	top:x=0.50,y=0.51	top=5
㐮	-	10.1	-	-	-	-	right:x=0.49,y=0.50	right=5
常	-	9.5	-	-	-	-	right:x=0.50,y=0.50	right=5
⿷見丶	-	-	-	11.5	-	-	bottom:x=0.50,y=0.52	bottom=5
掌	-	9.6	-	-	-	-	right:x=0.50,y=0.49	right=5
㐆	6.8	-	-	-	-	-	left:x=0.49,y=0.51	left=5
葱	-	11.4	-	-	-	-	right:x=0.49,y=0.49	right=5
𬜯	-	10.4	-	-	-	-	right:x=0.50,y=0.50	right=5
訇	-	9.4	-	-	-	-	right:x=0.46,y=0.49	right=5
赞	-	10.4	-	-	-	-	right:x=0.51,y=0.50	right=5
⿱𠂉巾	-	8.6	-	-	-	-	right:x=0.48,y=0.50	right=5
師	-	10.5	-	-	-	-	right:x=0.51,y=0.50	right=5
退	-	9.9	-	-	-	-	right:x=0.49,y=0.51	right=5
⿻幺冖	-	-	-	-	-	-	middle:x=0.50,y=0.46	middle=5
{50}	-	-	-	-	-	-	inner:x=0.36,y=0.50	inner=5
⿱八言	-	-	-	-	-	-	inner:x=0.44,y=0.46	inner=5
䧹	-	-	-	-	⿸6,12,0,0	-	-	⿸=5
冎	-	-	-	-	⿵3,8,5,0	-	-	⿵=5
厌	-	-	-	-	⿸4,2,0,0	-	-	⿸=5
𡆦	-	-	-	-	⿴3,3,3,3	-	-	⿴=5
㦰	-	-	-	-	⿹0,6,6,0	-	-	⿹=5
𣶒	-	10.3	-	-	-	-	right:x=0.43,y=0.51	right=5
𠇍	-	-	-	8.2	-	-	bottom:x=0.50,y=0.50	bottom=5
{15}	-	-	-	11.2	-	-	bottom:x=0.49,y=0.51	bottom=5
庚	-	10.4	-	-	-	-	right:x=0.47,y=0.50	right=4
𫥞	-	10.5	-	-	-	-	right:x=0.48,y=0.52	right=4
𠂈	7.4	-	-	-	-	-	left:x=0.43,y=0.52	left=4
⿰丨𠃎	-	7.6	-	-	-	-	right:x=0.52,y=0.52	right=4
尽	-	9.9	-	-	-	-	right:x=0.49,y=0.52	right=4
岸	-	9.8	-	-	-	-	right:x=0.47,y=0.50	right=4
死	-	-	-	7.4	-	-	bottom:x=0.50,y=0.53	bottom=4
守	-	9.7	-	-	-	-	right:x=0.50,y=0.50	right=4
岁	-	9.8	-	-	-	-	right:x=0.46,y=0.49	right=4
仲	-	11.5	-	-	-	-	right:x=0.46,y=0.50	right=4
却	-	9.9	-	-	-	-	right:x=0.48,y=0.50	right=4
斉	-	10.4	-	-	-	-	right:x=0.49,y=0.50	right=4
姑	-	11.5	-	-	-	-	right:x=0.49,y=0.50	right=4
棠	-	9.3	-	-	-	-	right:x=0.49,y=0.50	right=4
䨿	-	10.4	-	-	-	-	right:x=0.51,y=0.53	right=4
綿	-	10.8	-	-	-	-	right:x=0.48,y=0.50	right=4
褭	-	10.1	-	-	-	-	right:x=0.48,y=0.49	right=4
壘	-	9.8	-	-	-	-	right:x=0.49,y=0.51	right=4
⿺元女	-	-	-	11.5	-	-	bottom:x=0.50,y=0.51	bottom=4
辥	-	-	8.8	-	-	-	top:x=0.49,y=0.48	top=4
𡰯	9.4	-	-	-	-	-	left:x=0.43,y=0.52	left=4
勇	-	10	-	-	-	-	right:x=0.45,y=0.52	right=4
室	-	9.9	-	-	-	-	right:x=0.51,y=0.48	right=4
⿻干二	-	7.9	-	-	-	-	right:x=0.50,y=0.53	right=4
哀	-	9.6	-	-	-	-	right:x=0.49,y=0.49	right=4
虔	-	10.3	-	-	-	-	right:x=0.47,y=0.50	right=4
動	-	10.9	-	-	-	-	right:x=0.48,y=0.50	right=4
賢	-	9.9	-	-	-	-	right:x=0.50,y=0.52	right=4
道	-	-	9.8	-	-	-	top:x=0.50,y=0.49	top=4
𱐩	-	9.2	-	-	-	-	right:x=0.47,y=0.50	right=4
尻	-	7.9	-	-	-	-	right:x=0.49,y=0.52	right=4
廛	-	10.2	-	-	-	-	right:x=0.48,y=0.49	right=4
學	-	10.4	-	-	-	-	right:x=0.50,y=0.49	right=4
巧	-	-	6.6	-	-	-	top:x=0.49,y=0.53	top=4
间	-	9.7	-	-	-	-	right:x=0.48,y=0.51	right=4
爯	-	9.3	-	-	-	-	right:x=0.49,y=0.50	right=4
带	-	9.7	-	-	-	-	right:x=0.50,y=0.51	right=4
瞢	-	9.9	-	-	-	-	right:x=0.51,y=0.50	right=4
牢	-	9.2	-	-	-	-	right:x=0.51,y=0.49	right=4
敃	-	-	8.8	-	-	-	top:x=0.52,y=0.49	top=4
復	-	-	-	10.1	-	-	bottom:x=0.50,y=0.50	bottom=4
厨	-	10	-	-	-	-	right:x=0.48,y=0.52	right=4
劫	-	10	-	-	-	-	right:x=0.49,y=0.50	right=4
叩	-	-	-	8.4	-	-	bottom:x=0.50,y=0.52	bottom=4
亟	-	10	-	-	-	-	right:x=0.49,y=0.50	right=4
圂	-	10.2	-	-	-	-	right:x=0.48,y=0.52	right=4
奢	-	10.2	-	-	-	-	right:x=0.49,y=0.50	right=4
为	-	9.5	-	-	-	-	right:x=0.44,y=0.50	right=4
宋	-	10.4	-	-	-	-	right:x=0.49,y=0.50	right=4
扈	-	10.3	-	-	-	-	right:x=0.48,y=0.51	right=4
⿲{39}白{50}	-	-	8.6	-	-	-	top:x=0.50,y=0.46	top=4
剪	-	10.2	-	-	-	-	right:x=0.50,y=0.50	right=4
旉	8.1	-	-	-	-	-	left:x=0.49,y=0.50	left=4
𠈌	-	-	6.7	-	-	-	top:x=0.50,y=0.49	top=4
赫	-	11.3	-	-	-	-	right:x=0.49,y=0.50	right=4
羸	-	10.2	-	-	-	-	right:x=0.49,y=0.50	right=4
芳	-	9.1	-	-	-	-	right:x=0.48,y=0.50	right=4
咨	-	9.5	-	-	-	-	right:x=0.50,y=0.50	right=4
荣	-	9.8	-	-	-	-	right:x=0.50,y=0.50	right=4
⿴囗𢆉	-	-	-	11.2	-	-	bottom:x=0.48,y=0.51	bottom=4
覓	-	9.7	-	-	-	-	right:x=0.48,y=0.51	right=4
閑	-	9.9	-	-	-	-	right:x=0.48,y=0.52	right=4
牽	-	9.7	-	-	-	-	right:x=0.50,y=0.50	right=4
𡕰	-	9.7	-	-	-	-	right:x=0.48,y=0.50	right=4
審	-	9.9	-	-	-	-	right:x=0.50,y=0.49	right=4
適	-	10.6	-	-	-	-	right:x=0.49,y=0.49	right=4
惢	-	-	8.5	-	-	-	top:x=0.50,y=0.48	top=4
酓	7.5	-	-	-	-	-	left:x=0.48,y=0.50	left=4
⿰未攵	-	-	6.2	-	-	-	top:x=0.50,y=0.49	top=4
史	-	8.6	-	-	-	-	right:x=0.48,y=0.50	right=4
兰	-	9.5	-	-	-	-	right:x=0.50,y=0.47	right=4
江	7.2	-	-	-	-	-	left:x=0.50,y=0.50	left=4
舞	-	10.2	-	-	-	-	right:x=0.50,y=0.50	right=4
㿟	-	-	-	8.1	-	-	bottom:x=0.50,y=0.50	bottom=4
𢇇	-	9.4	-	-	-	-	right:x=0.50,y=0.51	right=4
丱	-	-	-	7.3	-	-	bottom:x=0.47,y=0.52	bottom=4
纍	-	10.1	-	-	-	-	right:x=0.48,y=0.51	right=4
{82}	-	-	8.8	-	-	-	top:x=0.50,y=0.47	top=4
売	-	9.6	-	-	-	-	right:x=0.50,y=0.50	right=4
审	-	9.6	-	-	-	-	right:x=0.50,y=0.49	right=4
𫼉	-	-	7.6	-	-	-	top:x=0.49,y=0.48	top=4
為	-	10.2	-	-	-	-	right:x=0.47,y=0.49	right=4
⿴{11}白	-	-	7.9	-	-	-	top:x=0.50,y=0.48	top=4
霸	-	10.6	-	-	-	-	right:x=0.48,y=0.52	right=4
舂	-	10	-	-	-	-	right:x=0.49,y=0.50	right=4
恩	-	10.1	-	-	-	-	right:x=0.48,y=0.51	right=4
丸	-	-	-	10	-	-	bottom:x=0.50,y=0.50	bottom=4
{93}	-	-	-	12.2	-	-	bottom:x=0.52,y=0.51	bottom=4
侵	-	-	-	11.2	-	-	bottom:x=0.49,y=0.50	bottom=4
豙	7.5	-	-	-	-	-	left:x=0.51,y=0.49	left=4
閵	-	-	-	12.1	-	-	bottom:x=0.50,y=0.52	bottom=4
殺	-	10	-	-	-	-	right:x=0.49,y=0.52	right=4
忌	-	9.4	-	-	-	-	right:x=0.50,y=0.50	right=4
黾	-	9.1	-	-	-	-	right:x=0.51,y=0.52	right=4
蔡	-	10.1	-	-	-	-	right:x=0.50,y=0.49	right=4
廌	-	-	-	12.1	-	-	bottom:x=0.47,y=0.48	bottom=4
{11}	-	-	-	6.3	-	-	bottom:x=0.50,y=0.52	bottom=4
𠂡	-	-	-	11	-	-	bottom:x=0.49,y=0.51	bottom=4
絭	-	10	-	-	-	-	right:x=0.51,y=0.50	right=4
店	-	9.3	-	-	-	-	right:x=0.47,y=0.50	right=4
惡	-	9.8	-	-	-	-	right:x=0.49,y=0.51	right=4
㡭	-	9.8	-	-	-	-	right:x=0.52,y=0.48	right=4
羞	-	8.9	-	-	-	-	right:x=0.48,y=0.49	right=4
{109}	6.9	-	-	-	-	-	left:x=0.47,y=0.51	left=4
基	-	10	-	-	-	-	right:x=0.48,y=0.48	right=4
㦮	-	8.6	-	-	-	-	right:x=0.49,y=0.50	right=4
薄	-	9.9	-	-	-	-	right:x=0.49,y=0.50	right=4
恒	-	10.3	-	-	-	-	right:x=0.50,y=0.50	right=4
丈	-	9.1	-	-	-	-	right:x=0.48,y=0.50	right=4
义	-	9	-	-	-	-	right:x=0.48,y=0.51	right=4
府	-	10.4	-	-	-	-	right:x=0.49,y=0.49	right=4
欣	-	10.4	-	-	-	-	right:x=0.49,y=0.50	right=4
兪	-	9.7	-	-	-	-	right:x=0.49,y=0.50	right=4
昝	-	10.3	-	-	-	-	right:x=0.50,y=0.50	right=4
党	-	9.2	-	-	-	-	right:x=0.50,y=0.50	right=4
禀	-	10.6	-	-	-	-	right:x=0.48,y=0.49	right=4
劵	-	9.9	-	-	-	-	right:x=0.51,y=0.50	right=4
萑	-	-	9.5	-	-	-	top:x=0.46,y=0.48	top=4
𰆊	-	-	-	8.6	-	-	bottom:x=0.49,y=0.53	bottom=4
历	-	10.4	-	-	-	-	right:x=0.46,y=0.52	right=4
於	-	10.5	-	-	-	-	right:x=0.47,y=0.50	right=4
肯	-	9.5	-	-	-	-	right:x=0.51,y=0.50	right=4
禽	-	9.9	-	-	-	-	right:x=0.51,y=0.51	right=4
翠	-	10.3	-	-	-	-	right:x=0.51,y=0.53	right=4
劉	-	11.2	-	-	-	-	right:x=0.48,y=0.50	right=4
磨	-	9.8	-	-	-	-	right:x=0.47,y=0.50	right=4
蓺	-	-	9.9	-	-	-	top:x=0.51,y=0.48	top=4
斩	-	-	8.8	-	-	-	top:x=0.50,y=0.48	top=4
時	-	10.4	-	-	-	-	right:x=0.51,y=0.50	right=4
乘	-	9.7	-	-	-	-	right:x=0.49,y=0.50	right=4
啬	-	9.7	-	-	-	-	right:x=0.51,y=0.50	right=4
⿰丬夕	-	-	7.6	-	-	-	top:x=0.49,y=0.48	top=4
昇	-	7.8	-	-	-	-	right:x=0.51,y=0.52	right=4
侌	-	9.9	-	-	-	-	right:x=0.47,y=0.49	right=4
𠮦	-	-	8.5	-	-	-	top:x=0.51,y=0.48	top=4
窄	-	9.9	-	-	-	-	right:x=0.50,y=0.49	right=4
阑	-	10	-	-	-	-	right:x=0.49,y=0.51	right=4
署	-	9.5	-	-	-	-	right:x=0.49,y=0.52	right=4
噩	-	9.7	-	-	-	-	right:x=0.50,y=0.51	right=4
彔	-	9.4	-	-	-	-	right:x=0.49,y=0.50	right=4
𡿧	-	-	7.3	-	-	-	top:x=0.51,y=0.47	top=4
𣳾	-	10	-	-	-	-	right:x=0.51,y=0.50	right=4
湯	-	-	9.9	-	-	-	top:x=0.50,y=0.50	top=4
夐	-	10	-	-	-	-	right:x=0.48,y=0.50	right=4
⿱㇒{117}	-	-	-	-	-	-	inner:x=0.42,y=0.50	inner=4
⿰丶丿	-	-	-	-	-	-	middle:x=0.41,y=0.50	middle=4
⿱廿灬	-	-	-	-	-	-	inner:x=0.44,y=0.47	inner=4
𡈼	-	-	-	-	-	-	inner:x=0.43,y=0.50	inner=4
𬎾	-	-	-	-	-	-	inner:x=0.45,y=0.47	inner=4
⿻{43}人	-	-	-	-	-	-	inner:x=0.46,y=0.27	inner=4
{28}	-	-	-	-	⿹0,6,6,0	-	-	⿹=4
𠂋	-	-	-	-	⿸4,6,0,0	-	-	⿸=4
⺶	-	-	-	-	⿸2,6,0,0	-	-	⿸=4
晏	-	10.1	-	-	-	-	right:x=0.51,y=0.52	right=4
丏	-	9.6	-	-	-	-	right:x=0.51,y=0.52	right=4
⿻人{11}	-	-	5.4	-	-	-	top:x=0.49,y=0.47	top=4
薛	-	-	9.5	-	-	-	top:x=0.50,y=0.50	top=4
之	-	-	-	10.8	-	-	bottom:x=0.50,y=0.48	bottom=4
𤴔	6.1	-	-	-	-	-	left:x=0.49,y=0.48	left=4
麦	7.1	-	-	-	-	-	left:x=0.47,y=0.50	left=3
与	-	-	-	12.8	-	-	bottom:x=0.45,y=0.50	bottom=3
吊	-	-	-	10.2	-	-	bottom:x=0.50,y=0.51	bottom=3
⿻兀一	-	-	-	9.4	-	-	bottom:x=0.50,y=0.51	bottom=3
兴	-	-	6.9	-	-	-	top:x=0.50,y=0.52	top=3
𠄠	-	-	-	-	-	-	inner:x=0.50,y=0.50	inner=3
夙	-	11.7	-	-	-	-	right:x=0.49,y=0.53	right=3
歰	-	11.8	-	-	-	-	right:x=0.50,y=0.51	right=3
烕	-	11.6	-	-	-	-	right:x=0.49,y=0.50	right=3
𠁁	8.7	-	-	-	-	-	left:x=0.46,y=0.50	left=3
⿱⺊𠕁	8	-	-	-	-	-	left:x=0.52,y=0.50	left=3
虐	-	10.4	-	-	-	-	right:x=0.48,y=0.49	right=3
雀	8.3	-	-	-	-	-	left:x=0.50,y=0.50	left=3
藍	-	10.7	-	-	-	-	right:x=0.51,y=0.48	right=3
⿱𦍌牛	-	9.9	-	-	-	-	right:x=0.49,y=0.51	right=3
張	-	10.9	-	-	-	-	right:x=0.52,y=0.52	right=3
匱	-	9.8	-	-	-	-	right:x=0.52,y=0.49	right=3
巸	-	-	10.7	-	-	-	top:x=0.53,y=0.51	top=3
彌	-	-	9	-	-	-	top:x=0.51,y=0.53	top=3
亾	-	-	7.4	-	-	-	top:x=0.52,y=0.48	top=3
冐	-	9	-	-	-	-	right:x=0.49,y=0.53	right=3
厼	-	9.7	-	-	-	-	right:x=0.48,y=0.49	right=3
弭	-	10.7	-	-	-	-	right:x=0.51,y=0.52	right=3
㚒	-	10.2	-	-	-	-	right:x=0.50,y=0.51	right=3
㽔	-	12.1	-	-	-	-	right:x=0.51,y=0.50	right=3
{19}	-	9.8	-	-	-	-	right:x=0.48,y=0.49	right=3
吏	-	10.3	-	-	-	-	right:x=0.49,y=0.50	right=3
旻	-	10.1	-	-	-	-	right:x=0.47,y=0.52	right=3
忠	-	9.8	-	-	-	-	right:x=0.49,y=0.48	right=3
亯	-	10	-	-	-	-	right:x=0.50,y=0.50	right=3
泰	-	11.2	-	-	-	-	right:x=0.50,y=0.50	right=3
粉	-	-	8.3	-	-	-	top:x=0.51,y=0.53	top=3
悶	-	10.4	-	-	-	-	right:x=0.49,y=0.52	right=3
衛	-	-	8.8	-	-	-	top:x=0.50,y=0.49	top=3
隱	-	10.5	-	-	-	-	right:x=0.52,y=0.51	right=3
燮	-	10.4	-	-	-	-	right:x=0.50,y=0.49	right=3
⿳⺊𫜹龰	-	10	-	-	-	-	right:x=0.47,y=0.50	right=3
荀	-	10.2	-	-	-	-	right:x=0.50,y=0.49	right=3
畚	-	10.2	-	-	-	-	right:x=0.49,y=0.50	right=3
乾	-	11.1	-	-	-	-	right:x=0.51,y=0.49	right=3
羕	-	10.2	-	-	-	-	right:x=0.49,y=0.50	right=3
斛	-	11.1	-	-	-	-	right:x=0.50,y=0.50	right=3
策	-	10.5	-	-	-	-	right:x=0.50,y=0.50	right=3
塞	-	10.9	-	-	-	-	right:x=0.51,y=0.48	right=3
團	-	10.1	-	-	-	-	right:x=0.49,y=0.52	right=3
⿱匕水	7.1	-	-	-	-	-	left:x=0.49,y=0.51	left=3
擧	-	10.2	-	-	-	-	right:x=0.49,y=0.50	right=3
𠬢	-	9.9	-	-	-	-	right:x=0.52,y=0.51	right=3
⿰刍攵	-	-	10.9	-	-	-	top:x=0.51,y=0.48	top=3
𣅽	-	-	7.6	-	-	-	top:x=0.50,y=0.52	top=3
晶	-	-	7.8	-	-	-	top:x=0.50,y=0.51	top=3
筮	-	10.7	-	-	-	-	right:x=0.50,y=0.48	right=3
别	-	10.4	-	-	-	-	right:x=0.44,y=0.51	right=3
甸	-	9.1	-	-	-	-	right:x=0.46,y=0.50	right=3
底	-	10.4	-	-	-	-	right:x=0.49,y=0.50	right=3
⿱𠂉丹	-	9.3	-	-	-	-	right:x=0.49,y=0.50	right=3
送	-	9.4	-	-	-	-	right:x=0.50,y=0.50	right=3
款	-	9.9	-	-	-	-	right:x=0.50,y=0.50	right=3
萃	-	9.8	-	-	-	-	right:x=0.49,y=0.50	right=3
董	-	10.1	-	-	-	-	right:x=0.50,y=0.48	right=3
𮙸	-	-	-	11.7	-	-	bottom:x=0.46,y=0.51	bottom=3
頻	-	11.4	-	-	-	-	right:x=0.50,y=0.50	right=3
覧	-	9.7	-	-	-	-	right:x=0.49,y=0.50	right=3
柰	7.7	-	-	-	-	-	left:x=0.49,y=0.49	left=3
𱬹	-	9.4	-	-	-	-	right:x=0.49,y=0.50	right=3
宫	-	9.5	-	-	-	-	right:x=0.49,y=0.49	right=3
貪	-	11.1	-	-	-	-	right:x=0.49,y=0.50	right=3
馮	-	-	10.1	-	-	-	top:x=0.50,y=0.51	top=3
愁	-	11.2	-	-	-	-	right:x=0.50,y=0.49	right=3
聯	-	11.7	-	-	-	-	right:x=0.50,y=0.51	right=3
𦋹	-	-	8.6	-	-	-	top:x=0.50,y=0.51	top=3
⿰罒罒	-	-	-	7.3	-	-	bottom:x=0.50,y=0.54	bottom=3
汞	-	9.1	-	-	-	-	right:x=0.50,y=0.52	right=3
棘	-	10.8	-	-	-	-	right:x=0.51,y=0.50	right=3
教	-	11.2	-	-	-	-	right:x=0.51,y=0.50	right=3
孰	-	-	10.3	-	-	-	top:x=0.51,y=0.48	top=3
資	-	10.2	-	-	-	-	right:x=0.49,y=0.50	right=3
浸	-	-	-	11.8	-	-	bottom:x=0.50,y=0.52	bottom=3
鮮	-	-	-	11.9	-	-	bottom:x=0.49,y=0.50	bottom=3
肥	-	-	-	11.1	-	-	bottom:x=0.49,y=0.52	bottom=3
罪	-	9.6	-	-	-	-	right:x=0.51,y=0.53	right=3
𰋷	-	9.5	-	-	-	-	right:x=0.48,y=0.51	right=3
罡	-	9.4	-	-	-	-	right:x=0.48,y=0.50	right=3
管	-	8.9	-	-	-	-	right:x=0.48,y=0.50	right=3
薦	-	9.4	-	-	-	-	right:x=0.49,y=0.50	right=3
罢	-	9.8	-	-	-	-	right:x=0.50,y=0.52	right=3
辜	-	9.9	-	-	-	-	right:x=0.51,y=0.50	right=3
肩	-	10.2	-	-	-	-	right:x=0.45,y=0.51	right=3
斿	-	9.8	-	-	-	-	right:x=0.48,y=0.50	right=3
眷	-	10.3	-	-	-	-	right:x=0.50,y=0.50	right=3
𰗣	7.5	-	-	-	-	-	left:x=0.50,y=0.50	left=3
⿰鬯彡	-	-	-	7.9	-	-	bottom:x=0.52,y=0.51	bottom=3
昱	-	9.4	-	-	-	-	right:x=0.48,y=0.51	right=3
彎	-	10.7	-	-	-	-	right:x=0.50,y=0.50	right=3
弔	-	9.3	-	-	-	-	right:x=0.49,y=0.53	right=3
囙	-	-	-	11.2	-	-	bottom:x=0.51,y=0.50	bottom=3
𠯑	-	8.7	-	-	-	-	right:x=0.51,y=0.51	right=3
⿺𠃊米	-	9.2	-	-	-	-	right:x=0.53,y=0.49	right=3
穹	-	9.3	-	-	-	-	right:x=0.49,y=0.49	right=3
賈	-	9.9	-	-	-	-	right:x=0.50,y=0.53	right=3
柴	-	10.9	-	-	-	-	right:x=0.51,y=0.50	right=3
窊	-	10.2	-	-	-	-	right:x=0.49,y=0.49	right=3
疐	-	10.3	-	-	-	-	right:x=0.49,y=0.49	right=3
{8}	-	8	-	-	-	-	right:x=0.51,y=0.49	right=3
眔	-	9	-	-	-	-	right:x=0.50,y=0.53	right=3
脣	-	10.1	-	-	-	-	right:x=0.50,y=0.52	right=3
蒪	-	9.5	-	-	-	-	right:x=0.51,y=0.50	right=3
𩙿	5.9	-	-	-	-	-	left:x=0.49,y=0.49	left=3
首	-	8.8	-	-	-	-	right:x=0.51,y=0.50	right=3
𡩧	-	-	7.4	-	-	-	top:x=0.50,y=0.46	top=3
㝉	-	9.3	-	-	-	-	right:x=0.50,y=0.46	right=3
吳	-	10.2	-	-	-	-	right:x=0.49,y=0.52	right=3
狂	-	10.6	-	-	-	-	right:x=0.49,y=0.50	right=3
到	-	10.7	-	-	-	-	right:x=0.48,y=0.51	right=3
难	-	11.7	-	-	-	-	right:x=0.48,y=0.50	right=3
⿱䙲巳	-	9.8	-	-	-	-	right:x=0.50,y=0.51	right=3
舜	-	10.4	-	-	-	-	right:x=0.48,y=0.50	right=3
賞	-	10.2	-	-	-	-	right:x=0.50,y=0.50	right=3
𬎿	-	-	8.4	-	-	-	top:x=0.50,y=0.46	top=3
𠚪	-	-	-	7.9	-	-	bottom:x=0.47,y=0.54	bottom=3
𣏂	7.4	-	-	-	-	-	left:x=0.48,y=0.52	left=3
𮥶	8	-	-	-	-	-	left:x=0.49,y=0.49	left=3
逮	-	10.2	-	-	-	-	right:x=0.50,y=0.49	right=3
乌	-	9.5	-	-	-	-	right:x=0.50,y=0.49	right=3
年	-	9.5	-	-	-	-	right:x=0.52,y=0.50	right=3
𭕆	-	9.8	-	-	-	-	right:x=0.49,y=0.49	right=3
卦	-	10.4	-	-	-	-	right:x=0.51,y=0.50	right=3
亮	-	10.4	-	-	-	-	right:x=0.50,y=0.50	right=3
拿	-	9.6	-	-	-	-	right:x=0.49,y=0.50	right=3
羗	-	10.6	-	-	-	-	right:x=0.48,y=0.50	right=3
通	-	10.5	-	-	-	-	right:x=0.50,y=0.51	right=3
勒	-	9.8	-	-	-	-	right:x=0.49,y=0.50	right=3
朝	-	10.8	-	-	-	-	right:x=0.49,y=0.50	right=3
𱐍	-	-	-	9.8	-	-	bottom:x=0.52,y=0.52	bottom=3
藝	-	10.8	-	-	-	-	right:x=0.51,y=0.50	right=3
⿱龹土	-	10	-	-	-	-	right:x=0.50,y=0.49	right=3
殿	-	-	8.6	-	-	-	top:x=0.50,y=0.53	top=3
夰	-	-	-	7.6	-	-	bottom:x=0.50,y=0.49	bottom=3
将	-	-	8.5	-	-	-	top:x=0.50,y=0.48	top=3
㸒	-	10.7	-	-	-	-	right:x=0.50,y=0.48	right=3
氿	-	-	8.3	-	-	-	top:x=0.50,y=0.48	top=3
卵	7.4	-	-	-	-	-	left:x=0.49,y=0.49	left=3
律	-	-	-	11.6	-	-	bottom:x=0.49,y=0.50	bottom=3
⿱𠂤止	6.6	-	-	-	-	-	left:x=0.49,y=0.48	left=3
夔	-	10.4	-	-	-	-	right:x=0.51,y=0.50	right=3
廚	-	10.4	-	-	-	-	right:x=0.48,y=0.50	right=3
⿳十罒心	-	9	-	-	-	-	right:x=0.49,y=0.49	right=3
閔	-	10.4	-	-	-	-	right:x=0.49,y=0.52	right=3
赖	-	11.3	-	-	-	-	right:x=0.49,y=0.50	right=3
⿱{73}小	7.5	-	-	-	-	-	left:x=0.48,y=0.52	left=3
𫠣	-	10	-	-	-	-	right:x=0.49,y=0.50	right=3
览	-	10.2	-	-	-	-	right:x=0.49,y=0.49	right=3
𫥎	-	10.2	-	-	-	-	right:x=0.49,y=0.50	right=3
总	-	9.3	-	-	-	-	right:x=0.50,y=0.49	right=3
孫	-	10.9	-	-	-	-	right:x=0.49,y=0.49	right=3
⿱𱼀缶	-	10	-	-	-	-	right:x=0.49,y=0.50	right=3
屖	-	10	-	-	-	-	right:x=0.47,y=0.52	right=3
窜	-	9.4	-	-	-	-	right:x=0.50,y=0.50	right=3
幹	-	10.9	-	-	-	-	right:x=0.51,y=0.50	right=3
頡	-	10.5	-	-	-	-	right:x=0.51,y=0.50	right=3
竄	-	9.7	-	-	-	-	right:x=0.52,y=0.49	right=3
杲	-	-	-	11.7	-	-	bottom:x=0.50,y=0.51	bottom=3
毁	-	10.3	-	-	-	-	right:x=0.52,y=0.50	right=3
遷	-	10.5	-	-	-	-	right:x=0.49,y=0.51	right=3
叢	-	10.5	-	-	-	-	right:x=0.50,y=0.50	right=3
师	-	10.8	-	-	-	-	right:x=0.49,y=0.51	right=3
条	-	9.4	-	-	-	-	right:x=0.50,y=0.50	right=3
眇	-	10.1	-	-	-	-	right:x=0.52,y=0.50	right=3
哉	-	10.6	-	-	-	-	right:x=0.52,y=0.50	right=3
𱰭	-	9.2	-	-	-	-	right:x=0.51,y=0.50	right=3
暑	-	10.4	-	-	-	-	right:x=0.49,y=0.52	right=3
⿸厂剡	-	-	-	10.7	-	-	bottom:x=0.48,y=0.53	bottom=3
⿲月貝凡	-	-	-	7.8	-	-	bottom:x=0.50,y=0.54	bottom=3
⿾臣	7.5	-	-	-	-	-	left:x=0.46,y=0.51	left=3
毒	-	9.6	-	-	-	-	right:x=0.51,y=0.50	right=3
厉	-	9.2	-	-	-	-	right:x=0.47,y=0.52	right=3
御	-	-	8.4	-	-	-	top:x=0.48,y=0.46	top=3
⿱米犬	7.2	-	-	-	-	-	left:x=0.48,y=0.49	left=3
⿱匕禾	7	-	-	-	-	-	left:x=0.48,y=0.50	left=3
洪	-	-	-	11	-	-	bottom:x=0.50,y=0.51	bottom=3
耤	-	-	-	11.7	-	-	bottom:x=0.49,y=0.51	bottom=3
忒	-	10	-	-	-	-	right:x=0.50,y=0.49	right=3
寬	-	9	-	-	-	-	right:x=0.50,y=0.50	right=3
𥘈	7.1	-	-	-	-	-	left:x=0.49,y=0.50	left=3
𠤏	6.5	-	-	-	-	-	left:x=0.49,y=0.51	left=3
黹	7.8	-	-	-	-	-	left:x=0.48,y=0.50	left=3
{24}	-	-	-	-	-	-	inner:x=0.45,y=0.42	inner=3
⿰米糸	-	-	-	-	-	-	middle:x=0.49,y=0.50	middle=3
孨	-	-	-	-	-	-	inner:x=0.46,y=0.46	inner=3
𠳋	-	-	-	-	-	-	inner:x=0.43,y=0.52	inner=3
万	-	-	-	-	-	-	inner:x=0.45,y=0.54	inner=3
𭔰	-	-	-	-	-	-	inner:x=0.54,y=0.47	inner=3
⿱肀口	-	-	-	-	-	-	inner:x=0.47,y=0.47	inner=3
⿱氺蜀	-	-	-	-	-	-	inner:x=0.43,y=0.46	inner=3
三	-	-	-	-	-	-	inner:x=0.51,y=0.38	inner=3
⿱氺牛	-	-	-	-	-	-	inner:x=0.45,y=0.47	inner=3
㕣	-	-	-	-	-	-	middle:x=0.49,y=0.49	middle=3
𠔿	-	-	-	-	-	-	middle:x=0.51,y=0.50	middle=3
𮧮	-	-	-	-	-	-	middle:x=0.51,y=0.48	middle=3
⿱𠂉丨	-	-	-	-	⿸8,8,0,0	-	-	⿸=3
⿰𠄌𫜹	-	-	-	-	⿸6,8,0,0	-	-	⿸=3
⿱业𧰨	-	-	-	-	⿺10,0,0,4	-	-	⿺=3
尣	-	-	-	-	⿺8,0,0,4	-	-	⿺=3
{53}	-	-	-	-	⿹0,8,6,0	-	-	⿹=3
𤕰	-	-	-	-	⿶5,0,3,8	-	-	⿶=3
